sample_id,genotype,tissue,condition,rep,lib_size,location,s_number,alsda_sample,well_mapping
CAX22ROOTFL_1,cax2-2,root,FL,1,8249608,A7,12,A7-FL-ROOT_S12,S-number-derived
CAX22SHOOTFL_1,cax2-2,shoot,FL,1,4212270,A7,11,A7-FL-SHOOT_S11,S-number-derived
CAX22ROOTGC_1,cax2-2,root,GC,1,8349742,A7,4,A7-GC-ROOT_S4,S-number-derived
CAX22SHOOTGC_1,cax2-2,shoot,GC,1,4759005,A7,3,A7-GC-SHOOT_S3,S-number-derived
CAX22ROOTFL_2,cax2-2,root,FL,2,6546811,B8,28,B8-FL-ROOT_S28,S-number-derived
CAX22SHOOTFL_2,cax2-2,shoot,FL,2,3703641,B8,27,B8-FL-SHOOT_S27,S-number-derived
CAX22ROOTGC_2,cax2-2,root,GC,2,6400248,B8,20,B8-GC-ROOT_S20,S-number-derived
CAX22SHOOTGC_2,cax2-2,shoot,GC,2,2884523,B8,19,B8-GC-SHOOT_S19,S-number-derived
CAX22ROOTFL_3,cax2-2,root,FL,3,7744379,B4,44,B4-FL-ROOT_S44,S-number-derived
CAX22SHOOTFL_3,cax2-2,shoot,FL,3,4500184,B4,43,B4-FL-SHOOT_S43,S-number-derived
CAX22ROOTGC_3,cax2-2,root,GC,3,8075133,B4,36,B4-GC-ROOT_S36,S-number-derived
CAX22SHOOTGC_3,cax2-2,shoot,GC,3,3982447,B4,35,B4-GC-SHOOT_S35,S-number-derived
CAX22ROOTFL_4,cax2-2,root,FL,4,7472458,A3,60,A3-FL-ROOT_S60,S-number-derived
CAX22SHOOTFL_4,cax2-2,shoot,FL,4,4199502,A3,59,A3-FL-SHOOT_S59,S-number-derived
CAX22ROOTGC_4,cax2-2,root,GC,4,8187659,A3,52,A3-GC-ROOT_S52,S-number-derived
CAX22SHOOTGC_4,cax2-2,shoot,GC,4,3866968,A3,51,A3-GC-SHOOT_S51,S-number-derived
CAX23ROOTFL_4,cax2-3,root,FL,4,6661568,B7,62,B7-FL-ROOT_S62,S-number-derived
CAX23SHOOTFL_1,cax2-3,shoot,FL,1,4077672,A4,13,A4-FL-SHOOT_S13,S-number-derived
CAX23SHOOTGC_1,cax2-3,shoot,GC,1,3021361,A4,5,A4-GC-SHOOT_S5,S-number-derived
CAX23ROOTGC_2,cax2-3,root,GC,2,6430552,A8,22,A8-GC-ROOT_S22,S-number-derived
CAX23ROOTFL_2,cax2-3,root,FL,2,7633923,A8,30,A8-FL-ROOT_S30,S-number-derived
CAX23SHOOTFL_2,cax2-3,shoot,FL,2,3694552,A8,29,A8-FL-SHOOT_S29,S-number-derived
CAX23ROOTGC_1,cax2-3,root,GC,1,7620759,A4,6,A4-GC-ROOT_S6,S-number-derived
CAX23SHOOTGC_2,cax2-3,shoot,GC,2,3770349,A8,21,A8-GC-SHOOT_S21,S-number-derived
CAX23ROOTFL_3,cax2-3,root,FL,3,7655761,B3,46,B3-FL-ROOT_S46,S-number-derived
CAX23SHOOTFL_3,cax2-3,shoot,FL,3,4184596,B3,45,B3-FL-SHOOT_S45,S-number-derived
CAX23ROOTGC_3,cax2-3,root,GC,3,6963091,B3,38,B3-GC-ROOT_S38,S-number-derived
CAX23SHOOTGC_3,cax2-3,shoot,GC,3,4023777,B3,37,B3-GC-SHOOT_S37,S-number-derived
CAX23ROOTFL_1,cax2-3,root,FL,1,7212857,A4,14,A4-FL-ROOT_S14,S-number-derived
CAX23SHOOTFL_4,cax2-3,shoot,FL,4,4180907,B7,61,B7-FL-SHOOT_S61,S-number-derived
CAX23ROOTGC_4,cax2-3,root,GC,4,971630,B7,54,B7-GC-ROOT_S54,S-number-derived
CAX23SHOOTGC_4,cax2-3,shoot,GC,4,4507832,B7,53,B7-GC-SHOOT_S53,S-number-derived
RBOHDROOTFL_1,rbohD,root,FL,1,8328460,C4,16,C4-FL-ROOT_S16,S-number-derived
RBOHDSHOOTFL_1,rbohD,shoot,FL,1,4111826,C4,15,C4-FL-SHOOT_S15,S-number-derived
RBOHDROOTGC_1,rbohD,root,GC,1,8649206,C4,8,C4-GC-ROOT_S8,S-number-derived
RBOHDSHOOTGC_1,rbohD,shoot,GC,1,4460208,C4,7,C4-GC-SHOOT_S7,S-number-derived
RBOHDROOTFL_2,rbohD,root,FL,2,8174583,C8,32,C8-FL-ROOT_S32,S-number-derived
RBOHDSHOOTFL_2,rbohD,shoot,FL,2,4952372,C8,31,C8-FL-SHOOT_S31,S-number-derived
RBOHDROOTGC_2,rbohD,root,GC,2,8320392,C8,24,C8-GC-ROOT_S24,S-number-derived
RBOHDSHOOTGC_2,rbohD,shoot,GC,2,5139387,C8,23,C8-GC-SHOOT_S23,S-number-derived
RBOHDROOTFL_3,rbohD,root,FL,3,6660843,B2,48,B2-FL-ROOT_S48,S-number-derived
RBOHDSHOOTFL_3,rbohD,shoot,FL,3,3549386,B2,47,B2-FL-SHOOT_S47,S-number-derived
RBOHDROOTGC_3,rbohD,root,GC,3,5294175,B2,40,B2-GC-ROOT_S40,S-number-derived
RBOHDSHOOTGC_3,rbohD,shoot,GC,3,3139990,B2,39,B2-GC-SHOOT_S39,S-number-derived
RBOHDROOTFL_4,rbohD,root,FL,4,8472651,B5,64,B5-FL-ROOT_S64,S-number-derived
RBOHDSHOOTFL_4,rbohD,shoot,FL,4,3768545,B5,63,B5-FL-SHOOT_S63,S-number-derived
RBOHDROOTGC_4,rbohD,root,GC,4,7891478,B5,56,B5-GC-ROOT_S56,S-number-derived
RBOHDSHOOTGC_4,rbohD,shoot,GC,4,3846990,B5,55,B5-GC-SHOOT_S55,S-number-derived
COL00ROOTFL_1,Col-0,root,FL,1,6790494,A1,10,A1-FL-ROOT_S10,S-number-derived
COL00SHOOTFL_1,Col-0,shoot,FL,1,3488826,A1,9,A1-FL-SHOOT_S9,S-number-derived
COL00ROOTGC_1,Col-0,root,GC,1,5585277,A1,2,A1-GC-ROOT_S2,S-number-derived
COL00SHOOTGC_1,Col-0,shoot,GC,1,2828298,A1,1,A1-GC-SHOOT_S1,S-number-derived
COL00ROOTFL_2,Col-0,root,FL,2,7012559,B9,26,B9-FL-ROOT_S26,S-number-derived
COL00SHOOTFL_2,Col-0,shoot,FL,2,4064446,B9,25,B9-FL-SHOOT_S25,S-number-derived
COL00ROOTGC_2,Col-0,root,GC,2,8148157,B9,18,B9-GC-ROOT_S18,S-number-derived
COL00SHOOTGC_2,Col-0,shoot,GC,2,4672820,B9,17,B9-GC-SHOOT_S17,S-number-derived
COL00ROOTFL_3,Col-0,root,FL,3,7475477,C3,42,C3-FL-ROOT_S42,S-number-derived
COL00SHOOTFL_3,Col-0,shoot,FL,3,4106381,C3,41,C3-FL-SHOOT_S41,S-number-derived
COL00ROOTGC_3,Col-0,root,GC,3,7034589,C3,34,C3-GC-ROOT_S34,S-number-derived
COL00SHOOTGC_3,Col-0,shoot,GC,3,3843472,C3,33,C3-GC-SHOOT_S33,S-number-derived
COL00ROOTFL_3.1,Col-0,root,FL,3.1,7680171,B6,58,B6-FL-ROOT_S58,S-number-derived
COL00SHOOTFL_3.1,Col-0,shoot,FL,3.1,4701279,B6,57,B6-FL-SHOOT_S57,S-number-derived
COL00ROOTGC_3.1,Col-0,root,GC,3.1,6904857,B6,50,B6-GC-ROOT_S50,S-number-derived
COL00SHOOTGC_3.1,Col-0,shoot,GC,3.1,3790566,B6,49,B6-GC-SHOOT_S49,S-number-derived
