Up Shoot,Down Shoot,Up Root,Down Root,Up Shoot|Up Root,Up Shoot|Down Root,Down Shoot|Up Root,Down Shoot|Down Root
AT3G47770.1,AT2G31880.1,AT2G09865.1,AT1G03230.1,AT3G14490.1,AT1G32840.1,AT5G45950.1,AT3G14620.1
AT3G14820.1,AT1G01060.4,AT3G41768.1,AT1G80530.1,AT1G07550.1,AT5G17320.1,AT5G63180.1,AT1G11330.2
AT3G14530.1,AT1G01060.1,AT5G50790.1,AT4G20270.1,AT5G42600.1,AT5G52140.1,AT3G04210.1,AT2G05380.2
AT1G16980.1,ATMG01120.1,AT2G09840.1,AT1G12140.1,AT1G34390.1,AT3G60950.1,AT1G59590.1,AT1G11330.1
AT1G17000.1,AT4G34200.1,AT5G64770.1,AT3G02870.2,AT1G45015.1,AT4G21440.1,AT1G61360.1,AT2G05380.1
AT3G03620.1,AT2G07709.1,AT3G41979.1,AT3G02870.3,AT4G35670.1,AT1G54890.1,AT1G52200.1,AT1G75280.1
AT5G27140.1,AT1G01060.3,AT3G43350.1,AT3G02870.1,AT1G23160.1,AT5G28510.1,AT3G27690.1,AT3G17790.1
AT3G09340.1,AT4G19880.2,AT2G09900.1,AT1G77520.1,AT2G29240.1,AT2G16960.1,AT3G53720.1,AT4G00050.1
AT5G09560.1,AT1G15670.1,AT5G50700.1,AT1G68840.2,AT1G25270.1,AT2G16960.2,AT5G54140.1,AT2G43820.1
AT4G22100.1,AT5G67420.1,AT3G43460.1,AT1G74458.1,AT5G10130.1,AT3G55970.1,AT1G07620.1,AT5G20400.1
AT2G46960.2,AT5G37600.1,AT4G23200.1,AT2G41370.1,AT3G01516.1,AT2G15780.1,ATMG00830.1,AT1G02850.4
AT2G03250.1,AT3G44720.1,AT3G43530.1,AT2G02390.2,AT3G32260.1,AT2G38240.1,AT3G46490.1,AT1G02850.5
AT4G19320.1,AT3G54640.1,AT2G01010.1,AT1G12140.2,AT3G32280.1,AT4G37990.1,AT5G16570.1,AT1G02850.2
AT2G46960.1,AT3G17609.2,AT5G53510.1,AT4G13235.1,AT1G19900.1,AT1G51810.1,AT1G51790.1,AT1G02850.3
AT5G03810.1,AT3G22060.1,AT3G43570.1,AT1G75388.1,AT1G52070.1,AT5G09210.1,ATMG00810.1,AT1G02850.1
AT5G03820.1,AT1G03400.1,AT5G28030.1,AT1G75390.1,AT5G51870.1,AT1G43160.1,AT3G50480.1,AT2G30140.1
AT3G26260.1,AT3G16370.1,AT5G28030.2,AT1G68840.1,AT5G51870.3,AT2G02990.1,AT1G65970.1,AT2G30140.2
AT1G42680.1,ATMG00560.1,AT4G08880.1,AT2G29440.1,ATMG00100.1,AT1G52890.1,AT3G45410.1,AT5G26920.2
AT5G39930.1,AT2G07808.1,AT3G43550.1,AT3G54950.1,AT2G33790.1,AT1G80160.1,AT3G41761.1,AT5G26920.1
AT5G26810.1,AT1G34750.1,AT1G57690.1,AT4G02390.1,AT3G44870.1,AT1G80160.2,AT1G70690.1,AT1G69530.1
AT4G11040.1,AT2G25000.1,AT2G09910.1,AT1G75390.2,AT5G46900.1,AT2G22860.1,AT2G41380.1,AT1G69530.2
AT1G05280.1,AT2G19130.1,AT5G53790.1,AT1G52140.1,AT1G20750.1,AT2G47550.1,AT2G41090.1,AT1G69530.3
AT3G07920.1,AT1G21270.1,AT3G47260.1,AT3G25130.1,AT3G20940.1,AT3G15370.1,AT1G31580.1,AT1G69530.4
AT1G63410.1,ATMG00660.1,AT2G09850.1,AT2G40900.1,ATMG00170.1,AT5G01380.1,AT3G49780.1,AT1G69530.5
AT1G03720.1,AT2G36800.1,AT2G10000.1,AT3G59765.1,ATMG00190.1,AT2G41800.1,ATMG00580.1,AT3G23560.1
AT5G39910.1,AT5G52540.1,AT3G46470.1,AT5G45280.2,ATMG00210.1,AT3G44860.1,AT1G61560.3,AT4G25100.2
AT5G59810.1,AT4G04220.1,AT3G43680.1,AT5G45280.1,AT4G22230.1,AT1G19550.1,AT1G61560.2,AT4G25100.3
AT4G03690.1,AT5G48540.1,AT3G43490.1,AT2G37460.1,AT4G22230.2,AT4G35770.1,AT5G47550.1,AT4G25100.5
AT5G28110.1,AT1G11545.1,AT2G09838.1,AT5G66170.1,AT4G21340.1,AT4G35770.3,AT1G61560.1,AT4G25100.1
AT2G22201.1,AT1G64670.1,AT2G09860.1,AT5G66170.3,AT1G30550.2,AT5G59320.1,AT1G61560.4,AT5G39050.1
AT4G19260.1,AT3G23530.1,AT2G09862.1,AT5G66170.2,AT5G26320.1,AT3G15170.1,AT1G02340.1,AT3G57460.1
AT4G19330.1,AT1G58280.3,AT2G09890.1,AT3G48610.1,AT5G05040.1,AT4G35770.2,AT5G53200.1,AT4G25100.4
AT1G07690.1,AT5G17300.1,AT2G09930.1,AT5G58620.1,ATCG01180.1,AT3G49620.1,AT2G01890.1,AT4G01700.1
AT1G24485.2,AT4G34560.1,AT2G09950.1,AT1G07640.2,AT2G22760.1,AT1G09500.3,AT2G25510.2,AT1G21520.1
AT1G24485.3,AT1G58280.2,AT2G09953.1,AT3G59080.2,AT1G66270.1,AT4G16590.1,AT2G25510.1,AT5G26340.1
AT1G25145.1,AT4G09460.1,AT2G09956.1,AT1G22885.2,AT1G66270.2,AT4G28140.1,AT4G11890.2,AT3G21250.1
AT1G32430.1,AT5G03610.1,AT2G09960.1,AT1G19330.2,AT5G47450.1,AT3G47340.1,AT4G11890.4,AT1G75270.1
AT3G15960.1,AT4G14440.1,AT2G07880.1,AT1G07640.3,AT4G15393.3,AT3G47340.3,AT4G11890.1,AT4G16370.1
AT1G75790.1,AT1G73870.1,AT2G09790.1,AT1G19330.3,AT4G15393.1,AT3G47340.2,AT3G55150.1,AT1G76690.1
AT5G09360.1,AT4G33050.4,AT2G09810.1,AT1G19330.1,AT4G15393.2,AT1G70130.1,AT4G11890.3,AT3G26220.1
AT3G14520.1,AT5G46240.1,AT2G09820.1,AT2G42840.1,AT5G05050.1,AT1G69880.1,AT2G01890.2,AT3G08870.1
AT2G29000.1,AT1G29660.1,AT2G09830.1,AT5G06300.1,AT5G46890.1,AT1G21550.1,AT3G07195.1,AT2G38530.1
AT5G09550.1,AT1G58280.1,AT2G23480.1,AT5G64250.1,AT5G24140.1,AT5G13380.1,ATMG00960.1,AT4G22530.1
AT5G22410.1,AT4G33050.1,AT5G50520.1,AT5G10340.1,ATCG00950.1,AT1G58936.1,AT1G78000.1,AT3G05690.1
AT5G27160.1,AT4G23130.1,AT4G13700.1,AT1G03620.1,AT4G12550.1,AT4G35720.1,AT1G78000.2,AT1G65500.1
AT1G54940.1,AT5G53550.1,AT1G28500.1,AT4G29930.4,AT4G15340.1,AT4G28040.1,ATMG00730.1,AT1G68740.1
AT1G20740.1,AT4G23130.2,AT2G01020.1,AT1G62170.2,AT5G53250.1,AT1G69480.1,AT5G55170.1,AT4G36570.1
AT1G33090.1,AT4G33050.3,AT2G29605.1,AT5G02460.1,AT4G17470.1,AT1G59077.1,AT4G20820.1,AT2G32960.1
AT5G39770.1,AT5G18780.1,AT1G28300.1,AT4G29930.2,AT4G17470.2,AT5G07010.1,AT1G78980.1,AT4G21120.1
AT1G78355.1,AT5G15860.2,AT3G47270.1,AT4G25960.1,AT4G17470.3,AT4G08040.1,ATMG00620.1,AT2G29990.1
AT1G78350.1,AT1G14790.1,AT2G05660.1,AT5G42980.1,AT4G21830.2,AT3G20520.1,AT5G62210.1,AT1G67800.1
AT5G19720.1,AT5G53550.2,AT5G53780.1,AT4G37432.1,ATMG00230.1,AT3G43270.1,ATMG00610.1,AT4G21990.2
AT4G22110.1,AT4G33050.2,AT3G43760.1,AT1G69850.1,AT4G21830.1,AT4G18170.1,ATMG00665.1,AT4G21990.1
AT2G15520.1,AT5G61250.2,AT3G43470.1,AT1G71880.1,ATMG00250.1,AT2G29500.1,ATMG00600.1,AT1G67800.2
AT4G22110.2,AT1G07180.1,AT3G43682.1,AT3G22800.1,ATMG00270.1,AT3G60140.1,AT1G73810.1,AT1G76680.2
AT1G75530.1,AT5G15860.1,AT5G07210.1,AT3G26840.1,ATMG00220.1,AT1G47510.1,AT5G42530.1,AT1G76680.1
AT2G10250.1,AT5G63130.1,AT1G19090.1,AT4G29930.1,AT1G57590.1,AT5G50800.1,AT2G44380.1,AT1G67800.3
AT3G45520.1,AT1G75040.1,AT2G34430.1,AT4G11600.1,AT3G45700.1,AT1G43800.1,AT1G03850.1,AT1G67800.4
AT1G10585.1,AT1G55960.1,AT5G20630.1,AT5G52870.1,AT5G20470.1,AT1G01470.1,AT3G23510.1,AT3G59140.1
AT4G01820.1,AT5G47050.1,AT5G05030.1,AT1G07640.1,AT1G52040.1,AT4G24110.1,AT5G59520.1,AT1G60730.1
AT3G32030.1,AT4G11290.1,AT3G22500.1,AT2G16430.1,AT2G33880.1,AT4G33070.1,AT5G59680.1,AT1G60730.2
AT1G50735.1,AT4G26270.1,AT3G58250.1,AT1G10480.1,ATMG00240.1,AT1G61120.1,AT1G03850.2,AT3G54420.1
AT2G19802.1,AT5G66320.2,AT3G45810.1,AT1G67850.2,AT2G28190.1,AT4G22590.1,AT1G73780.1,AT5G50200.1
AT3G04320.1,AT5G14730.1,AT5G33405.1,AT2G16430.2,AT4G23600.2,AT4G22592.1,AT5G08240.1,AT5G50200.2
AT2G35070.1,AT1G05000.1,AT5G07930.3,AT5G19550.1,AT4G15390.1,AT1G15040.1,ATMG00970.1,AT5G50200.3
AT1G78360.1,AT1G76970.1,AT3G09170.1,AT1G80820.1,AT4G23600.3,AT5G39580.2,AT3G48080.1,AT5G10140.3
AT5G12020.1,AT1G08450.3,AT1G56040.1,AT1G02310.1,AT4G23600.1,AT5G39580.1,AT4G14400.1,AT1G60730.3
AT5G63595.1,AT1G08450.1,AT3G58410.1,AT4G29930.3,AT4G21640.1,AT1G15040.2,AT4G14400.3,AT5G52570.2
AT2G07140.1,AT4G19660.1,AT1G26310.1,AT1G64390.1,AT1G30135.1,AT5G52310.1,AT4G14400.2,AT2G16060.1
AT3G26610.1,AT1G05000.2,AT1G45832.1,AT4G17760.2,AT3G43850.1,AT1G21400.1,AT5G63600.1,AT1G24575.1
ATCG01160.1,AT3G25610.1,AT3G31900.1,AT3G20340.1,AT5G38200.1,AT5G13330.1,AT5G63600.2,AT5G06510.3
ATCG01170.1,AT3G21240.1,AT2G23710.1,AT2G16385.1,AT5G45840.1,AT1G71140.1,AT3G22240.1,AT5G52570.1
ATCG01150.1,AT3G21250.2,AT1G21020.1,AT5G64250.2,ATMG00260.1,AT2G47180.1,ATMG00710.1,AT3G28740.1
ATCG01140.1,AT3G07010.1,AT4G08945.1,AT3G04220.1,AT5G06870.1,AT5G67480.1,AT4G20110.1,AT1G62580.1
AT2G39030.1,AT1G21260.1,AT4G15735.1,AT3G14440.1,AT5G45840.2,AT5G67480.2,AT4G20110.2,AT4G15760.2
AT2G07140.2,AT2G22770.1,AT5G18430.1,AT4G28040.3,AT5G26260.1,AT5G58670.1,ATMG01160.1,AT5G06510.1
AT5G14180.1,AT1G14430.1,AT3G13662.1,AT3G60930.1,AT3G28220.1,AT4G19200.1,ATMG01260.1,AT4G15760.1
AT3G59220.1,AT5G66320.1,AT3G43505.1,AT1G22065.1,AT5G56795.1,AT1G54100.2,ATMG01210.1,AT5G06510.2
ATCG01190.1,AT4G36150.1,AT1G29570.1,AT4G28040.2,AT2G19800.1,AT1G54100.1,ATMG00990.1,AT3G47540.1
ATCG01200.1,AT1G08450.2,AT3G43770.1,AT4G28040.5,AT5G50950.3,,AT4G39650.1,AT2G32990.1
AT3G48520.1,AT2G37040.1,AT5G07260.1,AT1G65150.1,AT5G50950.1,,AT5G62480.2,AT2G44290.1
AT3G43250.1,AT3G47640.1,AT5G07260.2,AT1G67850.1,AT5G50950.2,,AT1G51860.1,AT4G23220.1
AT2G19803.1,AT1G24145.1,AT3G43635.1,AT3G25560.1,AT1G45616.1,,AT5G62480.1,AT4G26120.1
AT1G71000.1,AT5G03360.1,AT3G43688.1,AT3G25560.2,AT1G66100.1,,ATMG01020.1,AT5G24660.1
AT1G12040.1,AT5G25930.1,AT5G53690.1,AT3G25560.3,AT5G21960.1,,AT2G34940.1,AT2G24180.1
AT5G27910.1,AT2G47800.1,AT2G29610.1,AT3G53540.1,AT3G29410.1,,AT3G51330.1,AT1G56150.1
AT4G05475.1,AT5G03360.2,AT3G31402.1,AT1G65150.2,AT4G03060.1,,AT2G28960.1,AT3G47540.2
AT5G12030.1,AT3G20370.1,AT3G31402.2,AT1G72800.1,AT1G08430.1,,AT5G53110.1,AT4G14365.1
AT4G18980.1,AT5G58940.1,AT3G31410.1,AT5G51050.1,AT4G36670.1,,ATMG00720.1,AT1G56430.1
ATCG00970.1,AT5G54850.1,AT5G46820.1,AT4G17760.1,AT5G23830.1,,AT1G77980.1,AT3G47480.1
ATCG00990.1,AT5G20960.1,AT5G53390.1,AT4G28040.4,AT5G23830.2,,ATMG01050.1,AT3G47780.1
ATCG00980.1,AT5G20960.2,AT5G26000.1,AT1G22885.1,AT5G43780.1,,AT1G14880.1,AT5G63790.1
AT2G41445.1,AT5G66910.1,AT5G26000.2,AT1G05340.1,AT1G22500.1,,ATMG00680.1,AT5G37990.1
AT3G15240.2,AT3G47640.2,AT4G38820.1,AT4G34600.1,AT5G01320.1,,AT4G00700.1,AT4G17030.1
ATCG00960.1,AT3G47640.3,AT4G38825.1,AT2G35150.1,AT4G30170.1,,ATMG01110.1,AT2G30540.1
AT5G59090.1,AT3G51440.1,AT1G77100.1,AT5G18690.1,AT4G16563.1,,ATMG00980.1,AT1G32940.1
AT5G59090.3,AT1G32780.1,AT3G43360.1,AT5G39785.2,AT1G16410.1,,ATMG01030.1,AT5G40780.1
AT5G59090.2,AT1G64780.1,AT3G43410.1,AT1G78476.1,AT4G08870.1,,AT4G37010.2,AT5G40780.2
AT5G15265.1,AT3G12710.1,AT3G43833.1,AT5G39785.1,AT1G51270.3,,AT4G37010.1,AT1G77870.1
AT5G24780.1,AT1G10340.1,AT1G56030.1,AT5G47910.1,AT1G51270.1,,ATMG01240.1,AT2G31865.2
AT5G24780.2,AT1G61820.1,AT1G33820.1,AT1G31770.1,AT4G14130.1,,AT3G09220.1,AT4G37520.2
AT1G66280.1,AT2G44790.1,AT1G55546.1,AT3G58550.1,AT4G08870.2,,AT3G13950.1,AT4G37520.1
AT5G50565.2,AT3G50140.1,AT5G07930.1,AT4G27830.1,AT1G51270.2,,AT3G09960.1,AT2G31865.1
ATCG01030.1,AT1G64500.1,AT2G09388.1,AT1G18570.1,AT1G11740.1,,AT5G65980.1,AT1G24580.1
AT3G19550.1,AT1G10340.2,AT3G49280.1,AT1G55175.1,AT2G43530.1,,AT3G47040.2,AT5G26220.1
AT4G33467.2,AT1G61820.3,AT1G33860.2,AT3G15340.1,AT3G55230.1,,ATMG01000.1,AT2G18193.1
AT4G33467.1,AT5G24390.1,AT3G28300.1,AT2G39800.4,AT3G45140.1,,ATMG01180.1,AT3G56240.1
AT4G15210.2,AT1G66880.1,AT4G04310.1,AT4G04810.1,AT1G51270.4,,ATMG00860.1,AT1G08050.1
AT5G19110.1,AT5G25820.1,AT2G39855.1,AT2G39800.3,AT5G51720.1,,ATMG01100.1,AT2G04040.1
AT4G15210.1,AT2G37710.1,AT2G39855.2,AT1G13920.1,AT1G54040.1,,AT5G54045.1,AT4G39830.1
AT4G12520.1,AT5G07000.1,AT2G29790.1,AT5G62680.1,AT5G02170.1,,AT5G54150.1,AT2G18690.2
AT1G23720.1,AT3G02380.1,AT4G09930.1,AT1G08290.1,AT3G57520.1,,AT2G14610.1,AT2G18690.1
AT1G66950.1,AT5G49680.2,AT5G34855.1,AT5G43380.1,AT3G57520.3,,ATMG01230.1,AT4G35640.1
AT3G42715.1,AT5G23730.1,AT3G31310.1,AT5G24280.1,AT3G57520.2,,AT4G23390.1,AT4G19810.1
AT5G50565.1,AT2G32690.1,AT3G09510.1,AT1G68690.1,AT1G75750.1,,AT3G13432.1,AT1G77450.1
AT5G45200.1,AT2G32690.4,AT2G23660.2,AT2G15480.1,AT1G75750.2,,AT5G41310.1,AT3G09010.1
AT2G33380.2,AT2G32690.3,AT2G23660.1,AT5G17850.1,AT5G47240.1,,AT1G51260.1,AT5G14545.1
AT1G19610.1,AT3G04700.1,AT1G80140.1,AT2G43800.1,AT5G55050.1,,AT4G13420.1,AT3G01990.1
AT4G22470.1,AT2G32690.2,AT2G05370.2,AT4G05049.1,AT5G07100.1,,ATMG01040.1,AT5G20150.1
AT3G25180.2,AT3G18830.1,AT2G29290.1,AT1G30040.1,AT1G62660.1,,AT2G45220.1,AT2G26560.1
AT4G24340.1,AT1G17600.1,AT2G29290.2,AT3G62930.1,AT2G05090.1,,ATMG01010.1,AT3G05630.1
ATCG00250.1,AT1G61420.1,AT4G28780.1,AT3G61820.1,AT4G30270.1,,ATMG01140.1,AT1G18870.1
ATCG00060.1,AT3G21150.1,AT2G10940.1,AT2G37240.1,AT2G05080.1,,ATMG01150.1,AT1G02220.1
AT3G25180.1,AT1G05135.1,AT3G43330.1,AT1G01010.1,AT2G05082.1,,AT1G61950.1,AT5G25250.1
AT3G28550.1,AT3G56360.1,AT2G10940.2,AT3G62280.1,AT2G05084.1,,ATMG01060.1,AT3G22235.2
AT4G30280.1,AT4G26070.2,AT5G25980.1,AT5G49350.2,AT2G05087.1,,ATMG01070.1,AT1G18870.2
AT2G33380.1,AT4G26070.3,AT5G25980.2,AT1G36370.1,AT5G07100.2,,ATMG00920.1,AT2G02930.1
AT4G02170.1,AT3G02840.1,AT5G25980.3,AT4G17695.1,AT5G42900.1,,ATMG00930.1,AT3G22235.1
AT5G26290.1,AT3G11840.1,AT3G01500.3,AT1G73480.1,AT5G36910.1,,ATMG00910.1,AT1G01560.1
AT4G22810.1,AT3G03440.1,AT3G01500.1,AT4G38530.1,AT5G42900.2,,ATMG00940.1,AT1G12200.1
AT3G59930.1,AT4G34138.1,AT3G01500.2,AT2G47680.1,AT5G42900.3,,ATMG00950.1,AT1G01560.2
AT5G28773.1,AT3G50350.1,AT4G13410.1,AT5G61010.2,AT1G31173.1,,ATMG00790.1,AT4G28490.1
AT1G73325.1,AT3G25020.1,AT1G23130.1,AT2G31200.1,AT1G70850.1,,ATMG00800.1,AT3G11402.1
AT2G39330.1,AT5G64780.1,AT2G37010.1,AT5G49350.1,AT1G70850.2,,ATMG00880.1,AT1G08090.1
AT4G26260.1,AT1G16260.1,AT3G05730.1,AT2G39800.2,AT4G12320.1,,ATMG00890.1,AT3G02040.1
AT4G26260.2,AT1G16260.2,AT3G43684.1,AT3G62455.1,AT5G42800.1,,ATMG00900.1,AT3G14990.2
AT5G24770.1,AT5G52810.1,AT3G14210.1,AT5G61010.1,AT3G25770.1,,ATMG00740.1,AT1G21120.1
AT1G63570.1,AT4G16780.1,AT5G56330.1,AT4G13510.1,AT1G69526.2,,ATMG00820.1,AT4G02280.1
AT3G18550.1,AT3G16030.1,AT2G24210.1,AT1G48100.1,AT5G20260.1,,ATMG00840.1,AT3G20470.1
AT5G47330.1,AT5G40690.1,AT2G45190.1,AT2G40130.2,AT4G17340.1,,ATMG00870.1,AT3G14990.1
AT5G24770.2,AT3G11000.2,AT5G38420.1,AT2G40130.1,AT1G75440.1,,ATMG00850.1,AT3G14990.3
ATCG00230.1,AT5G02440.1,AT2G09187.1,AT4G01440.1,AT4G08950.1,,ATMG00780.1,AT1G74360.1
AT3G24240.1,AT2G31750.1,AT3G09380.1,AT2G16630.1,AT5G66053.1,,ATMG00700.1,AT1G58983.1
AT2G14160.1,AT4G26070.1,AT1G33811.1,AT3G28920.1,AT2G38400.1,,ATMG00750.1,AT4G26050.1
AT5G05600.1,AT2G15390.1,AT5G60970.1,AT5G65870.1,AT5G27920.1,,ATMG00760.1,AT2G25330.1
AT4G22212.1,AT1G23020.2,AT5G53380.1,AT3G15300.1,AT4G36850.1,,ATMG00770.1,AT4G21380.1
AT3G18550.2,AT1G74710.2,AT3G13630.1,AT2G39800.1,AT5G02940.1,,AT1G51470.1,AT5G60950.1
AT1G75250.1,AT1G23020.1,AT3G16670.1,AT4G04610.1,AT2G38400.2,,AT4G37950.1,AT5G57220.1
AT5G27010.1,AT4G08470.1,AT3G24140.1,AT1G77700.1,,,AT5G54000.1,AT1G02930.2
AT2G25980.1,AT3G06020.1,AT2G09880.1,AT5G40960.1,,,AT2G08986.1,AT2G04070.1
AT3G54590.1,AT3G26500.1,AT2G09920.1,AT4G21580.1,,,AT1G62940.1,AT1G02930.1
AT1G61810.2,AT5G24206.1,AT1G47370.1,AT1G02952.1,,,AT2G22750.2,AT1G74590.1
AT2G23673.1,AT4G15610.1,AT1G01073.1,AT4G13505.1,,,AT1G58260.1,AT3G52748.1
AT1G14250.1,AT4G32890.1,AT2G27385.3,AT5G37180.1,,,AT5G53960.1,AT1G21250.1
AT5G17820.1,AT5G06530.2,AT2G27385.1,AT1G01070.1,,,AT2G07981.1,AT4G29020.1
ATCG00940.1,AT1G74710.1,AT2G27385.2,AT4G21580.2,,,,AT5G01900.1
AT4G22950.1,AT5G09800.1,AT5G17950.1,AT4G21580.3,,,,AT4G05020.1
AT3G15720.2,AT3G13790.1,AT4G15710.1,AT5G62630.1,,,,AT3G56710.1
AT3G15720.1,AT4G02420.1,AT4G26030.1,AT1G01070.2,,,,AT4G05020.2
AT4G20970.1,AT3G13790.2,AT5G65730.1,AT5G25450.1,,,,AT4G34135.1
AT1G20070.1,AT4G23610.1,AT5G53910.1,AT2G03760.1,,,,AT4G14368.1
AT5G07440.1,AT5G06530.3,AT4G26530.1,AT3G26460.1,,,,AT4G34135.2
AT5G07440.2,AT5G06530.1,AT4G25590.1,AT5G07280.1,,,,AT3G54150.1
AT5G07440.3,AT1G23110.1,AT4G09740.1,AT5G17780.2,,,,AT1G73805.1
AT3G54580.1,ATMG00520.1,AT4G10210.1,AT1G72920.1,,,,AT1G78780.3
ATCG00260.1,AT4G14610.1,AT4G37840.1,AT4G00380.1,,,,AT2G29490.1
AT5G15500.1,AT3G49210.1,AT1G57613.1,AT1G49470.1,,,,AT2G26400.1
AT4G05100.1,AT2G15390.2,AT4G26530.2,AT4G22710.1,,,,AT5G65600.1
AT5G61320.1,AT5G05460.1,AT1G33813.1,AT5G17780.1,,,,AT5G47850.1
AT3G01260.1,AT1G07000.1,AT3G13630.2,AT5G66460.1,,,,AT1G30730.1
AT2G24610.1,AT4G36988.1,AT5G25040.3,AT1G72890.2,,,,AT4G16260.1
AT3G21460.1,AT4G36990.1,AT5G25040.1,AT1G30040.2,,,,AT4G24890.1
AT4G06746.1,AT3G07390.1,AT5G25040.2,AT3G08690.2,,,,AT4G23230.1
AT5G15500.2,AT2G21550.1,AT3G48720.1,AT4G37430.1,,,,AT4G08555.1
AT1G09500.2,AT1G76930.1,AT5G08070.1,AT5G01660.1,,,,AT5G64120.1
AT2G22930.1,AT5G09290.1,AT5G28637.1,AT1G26770.1,,,,AT3G56400.1
AT5G17523.1,AT4G22305.1,AT5G02730.1,AT5G43890.1,,,,AT1G36622.1
AT1G19560.1,AT2G16870.1,AT4G09565.1,AT3G08690.1,,,,AT1G78780.2
ATCG00240.1,AT4G15236.1,AT2G36550.1,AT5G14780.1,,,,AT3G56390.1
AT5G13220.2,AT3G47090.1,ATMG01390.1,AT1G08650.1,,,,AT1G78780.1
AT1G09500.1,AT4G19370.1,AT2G29300.1,AT5G51920.1,,,,AT1G78780.4
ATCG00320.1,AT1G76930.2,AT1G19390.1,AT1G32870.2,,,,AT1G29290.1
AT5G13220.4,AT5G41160.1,AT3G43370.1,AT1G16510.1,,,,AT1G57640.1
ATCG00310.1,AT2G46430.1,AT4G22210.1,AT1G32870.1,,,,AT2G47010.2
AT3G23630.1,AT3G01840.1,AT5G54010.1,AT3G18000.1,,,,AT2G47010.1
AT5G48940.1,ATMG00570.1,AT5G39210.1,AT3G17998.1,,,,AT3G23120.1
AT4G02270.1,AT5G53902.1,AT1G68270.1,AT4G20730.1,,,,AT3G12220.1
AT5G41590.1,AT2G26310.1,AT2G26580.1,AT5G38000.1,,,,AT5G20790.1
AT5G50650.1,AT2G26310.2,AT3G03456.1,AT4G18020.1,,,,AT1G73260.1
AT5G13220.1,AT1G01340.1,AT5G53680.1,AT3G15340.2,,,,AT1G33030.1
AT5G11410.1,AT5G53905.1,AT5G23980.1,AT3G27480.2,,,,AT2G25440.1
AT5G13220.3,AT1G04600.1,ATMG01380.1,AT4G35970.1,,,,AT2G38940.1
AT1G12520.1,AT4G25900.1,AT1G29920.1,AT4G18020.5,,,,AT2G25625.1
AT5G50630.1,AT2G46430.2,AT5G15780.1,AT3G15353.2,,,,AT4G28940.1
AT2G20880.1,AT1G80130.1,AT1G20657.1,AT5G07030.1,,,,AT5G20790.2
AT1G12520.2,AT3G18010.1,AT2G09870.1,AT3G15353.1,,,,AT2G25625.2
AT1G77640.1,AT1G01340.2,AT5G38410.3,AT4G18020.2,,,,AT1G23730.1
AT1G12520.3,AT5G22240.1,AT5G38410.1,AT5G22630.1,,,,AT2G43620.1
AT2G29370.1,AT1G58420.1,AT5G38410.2,AT5G43380.2,,,,AT5G03545.1
AT5G06570.2,AT3G09405.1,AT5G38430.1,AT5G43380.3,,,,AT4G37370.1
AT1G75250.2,AT1G12210.1,AT1G68280.1,AT4G18020.4,,,,AT1G13750.1
AT1G08830.1,AT3G47010.1,AT2G26580.2,AT2G39518.1,,,,AT1G56600.1
AT1G08830.2,AT5G52750.1,AT1G45030.1,AT1G08650.2,,,,AT4G13180.1
AT3G14540.1,AT4G04695.1,AT2G28860.1,AT5G59070.1,,,,AT1G01680.1
AT1G15150.1,AT3G47010.2,AT2G29170.1,AT5G61820.1,,,,AT4G37290.1
AT1G61810.1,AT3G20475.1,AT5G10250.1,AT4G18020.6,,,,AT1G69930.1
AT5G42645.1,AT1G08310.1,AT1G66030.1,AT3G53960.1,,,,AT3G09270.1
AT1G61810.3,AT1G08310.2,AT4G12370.1,AT3G29240.2,,,,AT4G35650.1
AT1G10070.2,AT1G09560.1,AT5G62110.1,AT3G29240.1,,,,AT1G57630.1
AT1G56650.1,AT1G64170.1,AT3G02430.1,AT1G12560.1,,,,AT2G40750.1
AT1G10070.1,AT5G50530.1,AT1G57580.1,AT4G18020.3,,,,AT1G53625.1
AT1G30760.1,AT1G66480.1,AT4G21950.1,AT2G39700.1,,,,AT1G19630.1
AT1G09240.1,AT4G25930.1,AT3G04290.1,AT3G51430.2,,,,AT1G65481.1
AT4G29690.1,AT3G51340.1,AT2G29300.2,AT2G15480.2,,,,AT5G10760.1
AT4G07840.1,AT2G04450.1,AT5G35945.1,AT3G59850.1,,,,AT1G02520.1
AT1G10070.3,AT3G09450.1,AT5G53640.1,AT5G02200.2,,,,AT5G48850.1
AT5G06570.1,ATMG00590.1,AT3G29252.1,AT5G10580.2,,,,AT5G24110.1
AT1G08630.3,AT3G02030.1,AT4G18290.1,AT3G51430.1,,,,AT3G05400.2
AT3G49630.1,AT5G44380.1,AT2G33670.1,AT3G25250.1,,,,AT1G59218.2
AT1G08630.2,AT3G11080.1,AT4G17580.1,AT3G62690.1,,,,AT5G25260.1
AT1G08630.4,AT5G44480.1,AT1G19060.1,AT3G29680.1,,,,AT3G28580.1
AT5G19520.1,AT5G16235.1,AT4G01490.1,AT3G58160.1,,,,AT1G24880.1
AT3G19390.1,AT1G13340.1,AT5G49740.1,AT4G24450.1,,,,AT1G59218.1
AT5G07700.1,AT1G04800.1,AT3G02440.1,AT2G15440.1,,,,AT3G05400.1
AT1G08630.1,AT2G11810.2,AT4G17810.1,AT1G08160.1,,,,AT3G49570.1
AT4G25000.1,AT2G11810.1,AT2G34890.1,AT4G33290.1,,,,AT5G24380.1
AT4G25810.1,AT4G11370.1,AT1G07540.1,AT5G43150.1,,,,AT3G21080.1
AT1G62440.1,ATMG00480.1,AT3G16660.1,AT3G18260.1,,,,AT4G14450.1
AT1G08630.5,AT5G16230.1,AT1G33817.1,AT1G04310.1,,,,AT3G63380.1
AT2G34930.1,AT5G44568.1,AT4G08875.1,AT1G19715.1,,,,AT3G08860.1
AT2G21460.1,AT3G49120.1,AT1G04457.1,AT3G08770.2,,,,AT1G02580.1
AT5G15800.2,AT1G79400.1,AT5G35965.1,AT1G31880.1,,,,AT1G32960.1
AT5G15800.1,AT2G46440.1,AT2G27420.1,AT5G43330.1,,,,AT2G47140.1
AT3G29575.4,AT5G49330.1,AT1G45035.1,AT3G48690.1,,,,AT3G30120.1
AT5G50640.1,AT4G28280.2,AT3G63160.1,AT2G41290.1,,,,AT5G06730.1
AT1G15380.1,AT2G15040.1,AT5G53635.1,AT1G79470.1,,,,AT3G25882.1
AT3G29575.3,AT3G01830.2,AT3G31960.1,AT3G25900.3,,,,AT5G11210.1
AT1G15380.2,AT4G32870.1,AT5G58390.1,AT3G25900.1,,,,AT1G02230.1
AT2G34600.1,AT3G04300.1,AT5G54148.1,AT3G25900.2,,,,AT2G04050.1
AT3G29575.1,AT3G21330.1,ATMG00030.1,ATMG01275.1,,,,AT4G35180.1
AT5G07450.1,AT1G51800.1,AT5G49730.1,AT4G34250.1,,,,AT5G64810.1
AT1G05260.1,AT5G05270.2,AT2G21920.1,AT5G08380.1,,,,AT2G44370.1
AT5G20230.1,AT5G05270.1,AT4G10520.1,AT1G62570.1,,,,AT5G13320.1
AT1G10770.1,AT1G45145.1,AT5G46810.1,AT1G11915.1,,,,AT1G28640.1
AT1G07610.1,AT1G24140.1,AT2G28270.1,AT1G21130.1,,,,AT5G24530.1
AT1G29270.1,ATMG00550.1,AT3G31910.1,AT5G10580.1,,,,AT1G05880.2
AT2G26010.1,AT5G11920.1,AT1G29910.1,AT5G23480.1,,,,AT1G73010.1
AT1G54020.1,AT2G04100.1,AT3G53770.2,AT1G18310.1,,,,AT1G22150.1
AT1G54020.2,ATMG00540.1,AT1G57780.1,AT5G54490.1,,,,AT4G23320.1
AT1G54020.3,AT1G34420.1,AT2G09589.1,AT5G57190.1,,,,AT5G48410.1
AT5G05965.1,AT1G66725.1,AT3G24790.1,AT3G21510.1,,,,AT1G02450.1
AT2G26150.1,ATMG00490.1,AT3G31930.1,AT2G35742.1,,,,AT3G12500.1
AT4G13800.1,ATMG00500.1,AT4G19430.1,AT3G10120.1,,,,AT2G20800.1
AT1G69230.1,ATMG00530.1,AT1G22680.1,AT1G51700.1,,,,AT1G05880.1
AT1G69230.2,AT1G17860.1,AT1G74820.1,AT3G08770.1,,,,AT5G22570.1
AT4G36060.2,AT2G43140.2,AT2G23400.1,AT1G20620.4,,,,AT5G05250.1
AT1G67265.1,AT2G15042.1,AT5G03120.1,AT2G38290.1,,,,AT1G67810.1
AT2G38465.1,ATMG01200.1,AT1G71290.1,AT1G20620.5,,,,AT1G59171.1
AT2G32290.1,AT3G18290.1,AT5G38096.1,AT5G01820.1,,,,AT1G59171.2
AT3G19270.1,AT5G07770.2,AT2G15555.1,AT1G72940.1,,,,AT4G11655.1
AT5G53870.1,AT4G14690.1,AT4G02160.1,AT5G49340.1,,,,AT5G05340.1
AT4G36060.1,AT3G22231.1,AT4G18970.2,AT1G20620.1,,,,AT1G30720.1
AT4G01080.1,AT5G07770.1,AT5G46880.1,AT1G69410.1,,,,AT4G20000.1
AT2G20150.1,AT2G40610.1,AT3G13820.1,AT4G29190.1,,,,AT3G49580.1
AT5G18840.1,AT5G64000.1,AT3G31950.1,AT5G64550.1,,,,AT5G42830.1
AT2G26150.2,AT3G54040.1,AT1G45020.1,AT5G64552.1,,,,AT3G49580.2
AT1G52030.1,AT3G53480.1,AT4G18970.1,AT5G53830.1,,,,AT1G68620.1
AT1G19540.1,AT2G24160.1,AT5G53190.1,AT1G01600.1,,,,AT1G02920.1
AT4G30450.1,AT5G27420.1,AT1G63060.1,AT4G29140.1,,,,AT1G26420.1
AT5G51480.1,AT1G36620.1,AT3G04545.1,AT1G20620.2,,,,AT5G04150.1
AT1G52030.2,AT4G21903.1,AT1G60280.1,AT4G17905.1,,,,AT2G29350.1
AT1G20065.1,AT5G11920.2,AT3G15840.1,AT3G10450.1,,,,AT2G29350.2
AT5G38780.1,AT3G41762.1,AT3G15840.2,AT3G10450.2,,,,AT2G29350.3
AT4G30290.1,AT1G65790.1,AT3G15840.3,AT2G18600.1,,,,AT2G45760.1
AT3G61900.1,AT1G21525.1,AT3G15840.5,AT4G25310.1,,,,AT1G79680.1
AT3G46370.1,AT5G66110.1,AT4G17245.1,AT1G78480.1,,,,AT3G12502.1
AT2G26020.1,AT4G39950.1,AT4G02733.1,AT5G02200.1,,,,AT1G17710.2
AT1G18265.1,AT1G29230.1,AT5G54062.1,AT5G48060.1,,,,AT1G17710.1
AT5G15970.1,AT5G49600.1,AT3G15840.4,AT1G28260.2,,,,AT3G48850.1
AT1G35140.1,AT4G37900.1,AT1G02965.1,AT3G13090.1,,,,AT2G34210.1
AT3G19710.1,AT2G43140.1,AT5G33370.1,AT5G41470.1,,,,AT3G53150.1
AT5G60260.1,AT1G23110.4,AT5G33370.2,AT1G28260.1,,,,AT4G08770.1
AT5G59720.1,AT1G23110.5,AT3G55110.1,AT1G20390.1,,,,AT5G48430.1
AT5G23010.1,AT2G40100.1,AT1G32080.1,AT5G01870.1,,,,AT1G66600.1
AT1G10790.1,AT3G24900.1,AT3G54925.1,AT1G67870.1,,,,AT2G43000.1
AT3G28770.1,AT4G08780.1,AT2G16680.1,AT3G25870.1,,,,AT1G21240.1
AT5G51580.1,AT5G40230.1,AT1G06360.1,AT2G38290.2,,,,AT1G51920.1
AT1G65890.1,AT2G26310.3,AT2G05070.1,AT1G28370.1,,,,AT3G09922.1
AT1G66760.2,AT2G21850.1,AT5G42170.1,AT2G44300.1,,,,AT4G12490.1
AT1G66760.1,AT1G66390.1,AT3G31990.1,AT5G28490.1,,,,AT1G44130.1
AT4G11190.1,AT1G23110.2,AT4G12170.1,AT4G04830.2,,,,AT4G28460.1
AT2G23530.1,AT2G47000.1,AT2G36792.1,AT5G51310.1,,,,AT4G28420.1
AT3G19700.1,AT5G54070.1,AT3G43390.1,AT2G44940.1,,,,AT5G24090.1
AT1G16410.2,AT5G22380.1,AT1G19930.1,AT1G29380.1,,,,AT1G55790.1
AT5G44350.1,AT1G32950.1,AT5G48490.1,AT2G37925.1,,,,AT1G69920.1
AT3G60550.1,AT1G78410.1,AT3G13830.1,AT1G79160.1,,,,AT2G05510.6
AT1G34100.1,AT5G54075.1,AT1G51840.1,AT5G49700.1,,,,AT5G18350.1
AT1G15210.1,AT5G13740.1,AT1G51870.1,AT4G04830.1,,,,AT4G28420.2
AT2G27080.2,AT5G24240.1,AT2G31083.1,AT5G05490.2,,,,AT2G05510.1
AT2G27080.1,AT4G21903.2,AT1G51823.1,AT5G40720.1,,,,AT2G05510.2
AT1G67105.1,AT3G03170.1,AT4G03153.1,AT4G13290.1,,,,AT2G05510.3
AT5G50580.2,AT4G24000.1,AT1G51830.1,AT1G44800.1,,,,AT2G05510.4
AT5G50580.1,AT2G22810.1,AT1G65570.1,AT2G47560.1,,,,AT2G05510.5
AT1G52400.3,AT3G01830.1,AT3G31425.1,AT5G01760.1,,,,AT2G39530.1
AT1G74010.1,AT3G55890.1,AT3G62550.1,AT3G13784.1,,,,AT4G11170.1
AT1G52400.1,AT2G40100.2,AT5G18870.1,AT1G19715.2,,,,AT1G47890.1
AT3G45970.1,AT1G21110.1,AT3G32000.1,AT4G04620.1,,,,AT1G67270.1
AT1G52400.2,AT1G23110.3,AT4G00180.1,AT1G62710.1,,,,AT2G30766.1
AT2G27690.1,AT5G57480.1,AT4G00180.2,AT5G63990.1,,,,AT3G15536.1
AT2G38640.1,AT1G55950.1,AT3G26280.1,AT1G55920.1,,,,AT1G47395.1
AT5G57550.1,AT4G37070.1,AT1G60450.1,AT1G75820.1,,,,AT2G30760.1
ATCG00200.1,AT4G37070.2,AT3G46420.1,AT4G04620.2,,,,AT3G57260.1
AT1G30860.1,AT2G39210.1,AT3G63360.1,AT2G18680.1,,,,AT2G30766.2
AT5G57560.1,AT4G04510.1,AT1G22690.1,AT5G03490.1,,,,AT1G51913.1
AT3G02020.1,AT1G74670.1,AT5G07560.1,AT1G76952.1,,,,AT3G12910.1
AT5G62360.1,AT2G42060.1,AT1G77960.1,AT1G77380.1,,,,AT1G66700.1
AT1G20120.1,AT1G24147.1,AT5G51860.1,AT3G03530.1,,,,AT4G10500.1
AT5G37540.1,AT3G55500.1,AT5G51860.2,AT5G41460.1,,,,AT1G30700.1
AT3G17860.2,AT5G59530.1,AT2G19840.1,AT2G34540.1,,,,AT1G66700.3
AT2G06002.1,AT4G29020.2,AT1G51805.2,AT1G61600.1,,,,AT4G31950.1
AT5G58660.1,AT1G69720.2,AT5G51870.2,AT5G48570.1,,,,AT1G29100.1
AT1G22490.1,AT2G39200.1,AT1G51805.1,AT5G63990.2,,,,AT1G47400.1
AT5G42650.1,AT1G69720.1,AT4G09350.1,AT1G60590.1,,,,ATMG01290.1
AT2G35585.1,AT1G49000.1,AT5G09660.3,AT1G47510.2,,,,ATMG01270.1
AT3G25760.1,AT3G26210.1,AT5G09660.2,AT2G17330.1,,,,ATMG01300.1
AT2G34300.2,AT5G26690.1,AT5G45820.1,AT4G20830.2,,,,AT5G38900.1
AT1G69430.1,AT3G57380.1,AT2G31550.1,AT4G20830.1,,,,AT2G30660.1
AT2G34300.1,AT3G11010.1,AT5G52260.1,AT3G12730.1,,,,AT3G25240.1
AT3G17860.3,AT3G48240.1,AT1G58050.1,AT1G21460.1,,,,ATMG01310.1
AT3G01580.1,AT3G18291.1,AT2G34350.1,AT3G56770.1,,,,AT3G26830.1
AT1G33760.1,AT5G52760.1,AT3G47230.1,AT1G29520.1,,,,AT1G26380.1
AT3G17860.1,AT1G17020.1,AT5G17720.1,AT3G28350.1,,,,AT3G12230.1
AT1G60960.1,AT3G25010.1,AT1G04500.1,AT3G62090.2,,,,AT5G02780.2
AT5G02170.2,AT5G53450.1,AT1G69120.1,AT5G65280.1,,,,AT5G02780.1
AT5G61330.1,AT5G53450.2,AT2G04190.1,AT1G79520.2,,,,AT4G22070.1
AT1G54040.2,AT5G25910.1,AT3G50808.1,AT3G62090.3,,,,AT5G44990.1
AT1G76650.3,AT5G44820.1,AT5G38100.1,AT1G79520.1,,,,AT1G12030.1
AT1G17380.1,AT2G14560.2,AT5G38100.2,AT4G01360.1,,,,AT5G44990.2
AT1G76650.1,AT4G18250.1,AT5G60060.1,AT4G18050.1,,,,AT4G04990.1
AT1G19180.1,AT3G22840.1,AT5G42591.1,AT5G25610.1,,,,AT5G44990.3
AT1G24260.1,AT1G73510.1,AT1G10100.1,AT3G62090.1,,,,AT4G11650.1
AT1G24260.2,AT3G28890.1,AT1G68780.1,AT2G40340.1,,,,AT3G28510.1
AT5G14200.3,AT5G04000.1,AT5G09660.4,AT5G14560.1,,,,AT1G19250.1
AT5G14200.2,AT5G04000.2,AT1G34050.1,AT4G16008.1,,,,AT3G01420.1
AT1G16030.1,AT1G68150.1,AT5G09660.1,AT5G18970.1,,,,AT2G43570.1
AT5G14200.1,AT5G67340.1,AT2G02310.1,AT1G04770.1,,,,AT5G48400.1
AT2G43535.1,AT4G37070.4,AT3G46250.1,AT4G12290.1,,,,AT1G55790.2
AT5G64750.1,AT2G37980.1,AT1G54950.1,AT1G68470.1,,,,AT1G47405.1
AT5G61350.1,AT1G23840.1,AT2G22942.1,AT2G28780.1,,,,AT2G44460.1
AT5G21950.1,AT1G13540.1,AT2G28755.1,AT2G42610.1,,,,AT4G23700.1
AT5G09440.1,AT4G37070.3,AT1G65390.2,AT3G44310.3,,,,AT3G45670.1
AT1G20440.1,AT4G39250.1,AT1G65390.1,AT3G45680.1,,,,AT5G48400.2
AT1G24260.3,AT1G12940.1,AT3G02620.1,AT2G43920.1,,,,AT2G30770.1
AT1G19180.2,AT2G27660.1,AT5G52790.1,AT2G43920.2,,,,AT3G61390.2
AT5G58770.1,AT4G02520.1,AT4G09965.1,AT2G42610.2,,,,AT5G40990.1
AT1G76650.2,AT4G27810.1,AT1G22690.3,AT3G44310.1,,,,AT3G61390.1
AT3G43670.1,AT2G38860.1,AT4G22880.1,AT5G57540.1,,,,AT1G32350.1
AT4G18440.1,AT3G45660.1,AT4G22880.2,AT5G25620.1,,,,AT1G26410.1
AT3G14595.1,AT2G38860.2,AT3G51420.1,AT3G42180.3,,,,AT3G18250.1
AT3G50570.1,AT2G44480.1,AT2G29010.1,AT3G48770.1,,,,AT5G19880.1
AT1G23800.1,AT4G28790.1,AT5G27190.1,AT5G66440.1,,,,AT1G13520.1
AT3G15605.3,AT2G46880.1,AT2G14210.1,AT5G25620.2,,,,AT1G67980.1
AT4G15440.1,AT4G23215.1,AT2G13360.1,AT5G01540.1,,,,AT1G67980.2
AT1G62560.1,AT2G44480.2,AT2G13360.2,AT5G49480.1,,,,AT2G45130.1
AT1G19570.1,AT2G14560.1,AT1G68600.1,AT4G28250.1,,,,AT5G36970.1
AT1G19570.2,AT1G70170.1,AT1G45015.2,AT4G35480.1,,,,AT3G55790.1
AT2G25450.1,AT1G05700.1,AT2G24710.1,AT3G44310.2,,,,AT5G11220.1
AT1G76790.1,AT3G61280.2,AT3G29780.1,AT5G04080.3,,,,AT5G40590.1
AT3G01220.1,AT5G09470.1,AT3G46480.1,AT2G47240.1,,,,AT1G51915.1
AT3G24460.1,AT3G04530.1,AT1G28695.1,AT1G33110.1,,,,AT2G35980.1
AT2G40435.1,AT5G64890.1,AT5G10420.1,AT1G33110.2,,,,AT4G10860.1
AT1G44830.1,AT3G61280.1,AT2G28850.1,AT1G63310.1,,,,AT1G66610.1
AT3G15605.2,AT3G50470.1,AT5G07570.1,AT3G13080.4,,,,AT1G66610.2
AT3G59350.3,AT5G66150.1,AT2G22941.1,AT3G59480.1,,,,AT1G14540.1
AT5G62730.1,AT2G42990.1,AT4G37235.1,AT4G28250.2,,,,AT1G13609.1
AT3G59350.1,AT2G24165.1,AT1G15540.1,AT2G31160.1,,,,AT1G13609.2
AT3G15605.1,AT1G17745.2,AT5G10570.1,AT1G22710.1,,,,AT2G14247.1
AT3G59350.2,AT1G17745.1,AT1G19150.1,AT1G69970.2,,,,AT2G30750.1
AT3G23570.1,AT5G40010.1,AT5G28625.1,AT2G23808.1,,,,AT3G56970.1
AT1G31290.1,AT3G26440.3,AT2G03550.1,AT5G14940.1,,,,AT1G26240.1
AT1G44350.1,AT3G26440.4,AT5G07571.1,AT5G63700.1,,,,AT2G29250.1
AT1G16370.1,AT2G38860.3,AT4G13760.1,AT2G47240.2,,,,AT3G56980.1
AT4G33150.1,AT4G25070.1,AT3G15111.1,AT4G39955.1,,,,AT2G41240.1
AT4G33150.2,AT3G26440.2,AT4G23290.2,AT2G03500.1,,,,AT2G41240.2
AT3G46090.1,AT4G18190.1,AT2G23920.1,AT4G00880.1,,,,AT5G38910.1
AT3G15510.1,AT5G60900.1,AT5G51650.1,AT1G14730.1,,,,AT4G31970.1
AT4G19120.2,AT1G30900.1,AT4G14780.1,AT5G02260.1,,,,AT1G14550.1
AT3G19040.1,AT5G61550.1,AT1G34047.1,AT3G13080.1,,,,AT1G26390.1
AT1G31820.1,AT3G26440.1,AT1G34047.2,AT3G13080.2,,,,AT4G14630.1
AT4G19120.1,AT4G25070.2,AT5G07572.1,AT1G26770.2,,,,AT5G46960.1
AT1G26730.1,ATCG01210.1,AT5G08000.1,AT1G63820.1,,,,AT1G05080.1
AT2G23100.1,AT5G22540.1,AT2G22940.1,AT1G12805.1,,,,AT1G59312.1
AT2G43550.1,AT3G23010.1,AT5G22890.1,AT5G04080.2,,,,AT2G16490.1
AT4G33150.3,AT5G61550.2,AT1G52060.1,AT2G24762.1,,,,AT1G58320.1
AT2G15960.1,AT4G28790.2,AT4G28620.1,AT3G52340.2,,,,AT5G37840.1
AT3G28270.2,AT3G44350.1,AT5G50770.1,AT3G01175.1,,,,AT5G46950.1
AT5G49015.2,AT3G44350.2,AT5G47900.1,AT4G27520.1,,,,AT3G13433.1
AT3G28270.1,AT2G04495.1,AT5G46370.1,AT4G37180.1,,,,AT1G26400.1
AT3G58990.1,AT4G04500.1,AT4G23290.1,AT3G16650.1,,,,
AT2G43100.1,AT5G16170.1,AT1G72610.1,AT3G13080.3,,,,
AT5G49015.1,AT2G46880.2,AT4G12180.1,AT4G37180.2,,,,
AT2G45080.1,AT3G28890.2,AT1G22690.2,AT4G19680.1,,,,
AT4G33980.2,AT5G48657.1,AT4G03050.1,AT1G75720.2,,,,
AT5G58310.1,AT1G24130.1,AT4G03050.2,AT3G05770.1,,,,
AT4G33980.1,AT5G12880.1,AT1G44030.1,AT2G32190.2,,,,
AT1G34760.2,AT1G17744.1,AT1G72590.1,AT3G20570.1,,,,
AT3G14940.1,AT3G29250.1,AT1G52415.1,AT1G19715.3,,,,
AT5G17860.1,AT2G31020.1,AT5G47900.7,AT1G23530.1,,,,
AT1G34760.1,AT2G45135.1,AT5G47900.4,AT4G13190.1,,,,
AT5G03720.1,AT1G65484.1,AT1G70080.1,AT3G53230.1,,,,
AT2G34070.1,AT3G44510.1,AT5G24130.1,AT5G56600.2,,,,
AT1G06640.3,AT3G44510.2,AT5G60880.1,AT5G42053.1,,,,
AT1G06640.1,AT1G07900.1,AT3G30763.1,AT5G56600.1,,,,
AT4G31000.1,AT2G32680.1,AT3G29767.1,AT5G04080.1,,,,
AT5G66650.1,AT5G52720.1,AT1G51820.1,AT5G12110.1,,,,
AT5G24030.1,AT5G48657.2,AT5G52710.1,AT3G27400.1,,,,
AT3G57320.2,AT1G65484.2,AT3G19430.1,AT3G54820.1,,,,
AT5G07690.1,AT1G33730.1,AT3G16530.1,AT1G71960.1,,,,
AT3G57320.1,AT5G10660.2,AT1G80240.1,AT1G48750.1,,,,
AT1G06640.2,AT1G67520.1,AT4G16990.1,AT5G43370.1,,,,
AT1G20450.1,AT3G05780.1,AT4G30670.1,AT5G43370.2,,,,
AT1G20450.2,AT1G35710.1,AT4G16990.2,AT2G47730.1,,,,
AT5G14230.1,AT4G23140.1,AT4G26820.1,AT5G01542.1,,,,
AT5G24470.1,AT4G23140.2,AT5G60880.2,AT2G34530.1,,,,
AT2G33830.1,AT3G42820.1,AT3G27040.1,AT1G64540.1,,,,
AT4G13770.1,AT4G25110.1,AT4G16990.5,AT3G52340.1,,,,
AT1G78370.1,AT4G25110.2,AT4G16990.3,AT1G48660.1,,,,
AT1G08840.2,AT2G45135.2,AT4G16990.4,AT4G19680.2,,,,
AT4G31000.2,AT1G58225.1,AT5G54095.1,AT3G17730.1,,,,
AT2G33830.2,AT3G48020.1,AT5G54060.1,AT3G52340.3,,,,
AT4G12030.2,AT1G66960.1,AT5G09711.1,AT5G01215.1,,,,
AT3G30775.1,AT5G45000.1,AT5G53950.1,AT1G02950.1,,,,
AT2G39920.1,AT1G29860.1,AT3G23460.1,AT2G32190.1,,,,
AT2G39920.3,AT1G56120.1,AT1G31960.1,AT1G02950.2,,,,
AT5G50915.1,AT1G61800.1,AT2G01918.1,AT1G02950.4,,,,
AT1G33260.1,AT1G13830.1,AT1G19670.1,AT1G02950.3,,,,
AT1G33260.2,AT5G45380.1,AT2G24810.1,AT5G46530.1,,,,
AT2G39920.2,AT3G48650.1,AT4G37160.1,AT3G23060.1,,,,
AT4G12030.1,AT4G14390.1,AT1G70820.1,AT5G05490.1,,,,
AT5G50915.2,AT1G58225.2,AT5G23840.2,AT3G27150.1,,,,
AT2G37570.1,AT1G02440.1,AT2G22630.1,AT2G34530.2,,,,
AT5G02480.1,AT4G04490.1,AT5G45120.1,AT4G25410.1,,,,
AT4G16146.1,AT5G01550.1,AT3G02645.1,AT1G59725.1,,,,
ATCG00050.1,AT3G29250.2,AT3G29590.1,AT2G34540.2,,,,
AT2G17840.1,AT5G67450.1,AT2G23410.1,AT3G61400.1,,,,
AT2G37570.2,AT5G53990.1,AT3G63350.1,AT5G63710.1,,,,
AT4G04330.1,AT1G28650.1,AT5G20045.1,AT1G02205.3,,,,
AT3G53990.1,AT2G32160.3,AT5G23840.1,AT5G43980.1,,,,
AT3G22200.2,AT2G32160.2,AT5G47900.3,AT2G10430.1,,,,
AT3G05880.1,AT2G32160.1,AT2G15025.1,AT3G60670.1,,,,
AT1G56300.1,AT5G43350.1,AT3G14185.1,AT1G20823.1,,,,
AT1G07590.1,AT4G39670.1,AT1G75910.1,AT5G01210.1,,,,
AT1G07600.1,AT5G03350.1,AT1G73300.1,AT3G60490.1,,,,
,AT2G34500.1,AT2G17780.2,AT5G54660.1,,,,
,AT4G11480.1,AT2G14510.1,AT2G01990.1,,,,
,AT4G03460.1,AT5G45680.1,AT2G39240.1,,,,
,AT5G54610.1,AT1G61097.1,AT5G23050.1,,,,
,AT5G66020.1,AT1G54820.1,AT5G02030.1,,,,
,AT5G06740.1,AT5G09710.1,AT3G58270.2,,,,
,AT5G62150.1,AT5G56325.1,AT4G10310.1,,,,
,AT2G17740.1,AT5G47900.2,AT3G46280.1,,,,
,AT5G59670.1,AT5G47900.5,AT1G02205.2,,,,
,AT3G02240.1,AT1G21860.1,AT5G43580.1,,,,
,AT4G15417.1,AT4G09200.1,AT3G58270.1,,,,
,AT4G03450.1,AT2G17780.1,AT5G54400.1,,,,
,AT2G37750.1,AT5G21430.1,AT4G11390.1,,,,
,AT5G10660.1,AT5G21430.2,AT5G46730.2,,,,
,AT5G13080.1,AT4G38840.1,AT1G09080.1,,,,
,AT4G18360.1,AT5G47900.6,AT2G31230.1,,,,
,AT4G18360.2,AT4G10490.1,AT3G03270.2,,,,
,AT2G18660.1,AT1G22590.1,AT3G53160.1,,,,
,AT1G14870.1,AT2G17780.3,AT1G09080.2,,,,
,AT4G18430.1,AT3G28070.2,AT5G46730.1,,,,
,AT2G18190.1,AT5G60910.1,AT5G44005.1,,,,
,AT3G10815.1,AT2G02450.2,AT5G01215.2,,,,
,AT3G57240.1,AT3G54830.1,AT1G19750.1,,,,
,AT5G19470.2,AT4G05130.1,AT4G36410.1,,,,
,AT1G16150.1,AT3G13840.1,AT5G48070.1,,,,
,AT3G13130.1,AT4G22610.1,AT5G57530.1,,,,
,AT1G13530.1,AT2G42560.1,AT4G31710.1,,,,
,AT5G19470.1,AT1G47317.1,AT5G62940.1,,,,
,AT5G45080.1,AT4G13500.1,AT3G21310.1,,,,
,AT1G13470.1,AT5G50760.1,AT2G38870.1,,,,
,AT3G44830.1,AT5G55056.1,AT5G11930.1,,,,
,AT2G47130.1,AT2G02450.1,AT4G08150.1,,,,
,AT1G02250.1,AT5G09720.1,AT4G24260.1,,,,
,AT5G64100.1,AT3G54890.3,AT1G79480.1,,,,
,AT1G51890.2,AT1G07460.1,AT1G78380.1,,,,
,AT4G35170.1,AT3G54890.2,AT1G68880.1,,,,
,AT2G46750.1,AT1G56520.1,AT1G75720.1,,,,
,AT1G51890.1,AT1G56520.2,AT5G46350.1,,,,
,AT3G45860.1,AT5G59260.1,AT3G14560.1,,,,
,AT3G26160.1,AT3G54890.1,AT1G33440.1,,,,
,AT1G24250.1,AT1G30260.1,AT1G62180.1,,,,
,AT1G27580.1,AT1G07050.1,AT1G02205.1,,,,
,AT4G21840.1,AT3G46780.1,AT1G15330.1,,,,
,AT3G02670.1,AT3G54890.4,AT1G79480.2,,,,
,AT1G21310.1,AT1G13300.1,AT1G01720.1,,,,
,AT2G13810.1,AT2G22750.1,AT1G52700.1,,,,
,AT2G07620.1,AT4G11810.1,AT1G06170.1,,,,
,AT4G12350.1,AT2G31085.1,AT2G35990.2,,,,
,AT1G02360.1,AT2G05100.1,AT3G12915.1,,,,
,AT3G45330.1,AT3G25790.1,AT2G43660.1,,,,
,AT4G23310.1,AT5G25460.1,AT2G43660.2,,,,
,AT1G15520.1,AT1G07560.1,AT3G03270.1,,,,
,AT2G36020.1,AT4G34320.1,AT3G51895.1,,,,
,AT4G15755.1,AT2G36110.1,AT1G62180.2,,,,
,AT3G48630.1,AT1G76135.1,AT2G35990.3,,,,
,AT4G18920.1,AT4G23300.1,AT1G12320.1,,,,
,AT5G38250.1,AT2G24560.1,AT4G25850.2,,,,
,AT4G36700.1,AT5G06905.1,AT5G37485.1,,,,
,AT3G49340.1,AT4G40070.1,AT5G17450.1,,,,
,AT4G19970.1,AT1G04670.1,AT3G53690.1,,,,
,AT1G65690.1,ATCG00870.1,AT1G17830.1,,,,
,AT3G11340.1,AT3G19850.1,AT4G39580.1,,,,
,AT1G61080.1,AT5G54067.1,AT5G01595.1,,,,
,AT1G71390.1,AT4G04745.1,AT1G21130.2,,,,
,AT5G39390.1,AT2G26370.1,AT3G12915.2,,,,
,AT1G35230.1,AT3G28345.1,AT1G59700.1,,,,
,AT4G23150.1,AT5G44574.1,AT5G10946.1,,,,
,AT4G09770.1,AT5G60910.2,AT4G15530.5,,,,
,AT4G09770.2,AT1G64480.1,AT3G16770.1,,,,
,AT2G19190.1,AT1G61750.1,AT4G15530.6,,,,
,AT3G61500.2,AT2G03750.1,AT4G15530.4,,,,
,AT3G47050.1,AT1G15980.1,AT4G15530.1,,,,
,AT3G47050.2,AT1G32970.1,AT5G17450.2,,,,
,AT1G68450.1,AT3G48290.1,AT5G12330.4,,,,
,AT2G18530.1,AT3G14420.3,AT5G27690.1,,,,
,AT2G14230.1,AT2G43600.1,AT2G20520.1,,,,
,AT1G58248.1,AT3G14420.5,AT5G58610.1,,,,
,AT3G61500.1,AT1G66940.3,AT1G63530.1,,,,
,AT3G13610.1,AT2G44340.1,AT1G64950.1,,,,
,AT1G36610.1,AT3G28070.3,AT3G62740.1,,,,
,AT2G40740.2,AT3G14420.1,AT2G46400.1,,,,
,AT2G29100.1,AT2G22960.1,AT1G58007.2,,,,
,AT5G63225.1,AT5G06490.1,AT4G15530.3,,,,
,AT5G53451.1,AT1G24420.1,AT4G15530.2,,,,
,AT2G33080.1,AT2G22955.1,AT1G09950.1,,,,
,AT1G63245.1,AT3G14420.4,AT1G58007.1,,,,
,AT3G22600.1,AT3G14420.2,AT2G32020.1,,,,
,AT2G44240.1,AT3G50460.1,AT5G10625.1,,,,
,AT1G65140.1,AT4G12545.1,AT4G13820.1,,,,
,AT4G12500.1,AT3G43400.1,AT5G42720.1,,,,
,AT5G01490.1,AT1G72600.2,AT5G15960.1,,,,
,AT1G65360.1,AT1G66940.1,AT2G40250.1,,,,
,AT2G40740.1,AT3G14420.6,AT4G25434.2,,,,
,AT5G55420.1,AT1G66940.2,AT5G48690.1,,,,
,AT3G61730.1,AT1G65050.1,AT5G48690.2,,,,
,AT1G74080.1,AT2G22990.6,AT1G64590.1,,,,
,AT1G17545.1,AT1G61270.1,AT3G56250.1,,,,
,AT1G77730.1,AT2G22990.2,AT4G24250.1,,,,
,AT5G64790.1,AT4G18205.1,AT1G04180.1,,,,
,AT1G51900.1,AT2G32610.1,AT1G07160.1,,,,
,AT5G45090.1,AT5G45850.1,AT4G19230.1,,,,
,AT1G74190.1,AT3G48290.2,AT4G19230.2,,,,
,AT5G15130.1,AT2G22990.5,AT4G25434.1,,,,
,AT1G13480.1,AT1G58430.1,AT1G06170.2,,,,
,AT3G46330.1,AT2G22990.3,AT1G59620.1,,,,
,AT3G50160.1,AT2G22990.4,AT5G17650.1,,,,
,AT4G39610.1,AT2G22990.1,AT5G45350.2,,,,
,AT1G06135.1,AT2G01530.1,AT4G00670.1,,,,
,AT5G64905.1,AT4G12800.1,AT4G25850.1,,,,
,AT4G22030.1,AT2G34000.1,AT1G75160.1,,,,
,AT3G62170.1,AT2G16380.1,AT1G50400.1,,,,
,AT2G07630.1,AT1G34520.1,AT1G75290.1,,,,
,AT1G18860.1,AT4G05180.1,AT4G36280.1,,,,
,AT3G45990.1,AT1G76620.1,AT2G27389.1,,,,
,AT1G53870.1,AT2G22980.4,AT4G25400.1,,,,
,AT3G61720.1,AT2G22980.3,AT3G26960.1,,,,
,AT4G09745.1,AT2G22980.1,AT1G05240.1,,,,
,AT2G46130.1,AT2G22980.2,AT3G06490.1,,,,
,AT2G46130.2,AT1G76370.1,AT4G20930.1,,,,
,AT1G77950.1,AT3G46800.1,AT2G28710.1,,,,
,AT5G66430.1,AT5G02000.1,AT3G04030.1,,,,
,AT2G30290.1,AT1G68040.1,AT3G21351.1,,,,
,AT2G21910.1,AT2G23010.1,AT1G11460.1,,,,
,AT2G01560.1,AT2G23010.2,AT5G22390.1,,,,
,AT2G14245.1,AT2G39380.1,AT1G72680.1,,,,
,AT2G30290.2,AT5G42580.1,AT3G04030.3,,,,
,AT1G13608.1,AT4G36220.1,AT2G35990.1,,,,
,AT1G27570.1,AT3G03230.1,AT3G04030.2,,,,
,AT1G27570.2,AT1G12110.1,AT4G03960.1,,,,
,AT4G05280.1,AT2G02300.1,AT2G28570.1,,,,
,AT1G74140.1,AT3G47250.1,AT5G14650.1,,,,
,AT1G74140.2,AT4G15620.1,AT2G38250.1,,,,
,AT1G74140.3,AT1G52230.1,AT1G76430.1,,,,
,AT1G74140.4,AT3G48740.1,AT3G22370.1,,,,
,AT1G74140.5,AT1G65490.1,AT5G18470.1,,,,
,AT1G36640.1,AT3G32377.1,AT5G41750.2,,,,
,AT1G13607.1,AT2G22950.1,AT1G01453.2,,,,
,AT1G69650.1,AT3G47250.3,AT2G46660.1,,,,
,AT3G28955.1,AT1G49370.1,AT5G59540.2,,,,
,AT3G21791.1,AT4G02190.1,AT5G49630.1,,,,
,AT4G14250.1,AT2G03310.1,AT5G42146.1,,,,
,AT4G14250.2,AT1G22590.2,AT1G54970.1,,,,
,AT1G36605.1,AT4G18197.1,AT4G02330.1,,,,
,AT2G07635.1,AT5G63160.1,AT3G07720.1,,,,
,AT3G54800.1,AT2G36690.1,AT1G23380.2,,,,
,AT3G54800.2,AT3G47250.2,AT5G12330.1,,,,
,AT2G46460.1,AT3G28070.1,AT1G23380.1,,,,
,AT1G28630.5,AT1G14930.1,AT3G47740.1,,,,
,AT3G61826.1,AT3G04330.1,AT5G44578.1,,,,
,AT3G61825.1,AT2G22122.1,AT5G45350.1,,,,
,AT3G61962.1,AT3G45280.1,AT3G01950.1,,,,
,AT3G62097.1,AT5G47560.1,AT3G21780.1,,,,
,AT3G61827.1,AT4G21445.1,AT5G48050.1,,,,
,AT1G13605.1,AT4G28870.1,AT3G04720.1,,,,
,AT1G26990.1,AT2G14095.1,AT2G40910.2,,,,
,AT1G51300.1,AT4G28750.1,AT1G59730.1,,,,
,AT2G25230.1,AT2G45180.1,AT5G59540.1,,,,
,AT1G28630.2,AT2G28990.1,AT4G08620.1,,,,
,AT1G28630.3,AT4G39675.1,AT1G52560.1,,,,
,AT3G61545.1,AT1G66860.1,AT1G07400.1,,,,
,AT3G61829.1,AT1G75460.1,AT1G52560.2,,,,
,AT3G29725.1,AT2G03710.2,AT5G12330.2,,,,
,AT3G61715.1,AT2G15020.1,AT1G33610.1,,,,
,AT2G07640.1,AT2G17780.4,AT3G50770.1,,,,
,AT1G28630.1,AT5G09700.1,AT1G77860.1,,,,
,AT3G05450.1,AT3G52970.2,AT1G08165.1,,,,
,AT2G46860.1,AT4G13494.1,AT5G37980.1,,,,
,AT5G50680.1,AT2G03710.1,AT4G37420.1,,,,
,AT5G50680.2,AT3G52970.1,AT3G56770.2,,,,
,AT1G28630.4,AT1G75940.1,AT1G01453.1,,,,
,AT3G61721.1,AT4G29905.1,AT2G40910.1,,,,
,AT3G61723.1,AT1G13080.1,AT3G01670.1,,,,
,AT2G04290.1,AT3G20380.1,AT5G58120.1,,,,
,AT1G73000.1,AT1G71050.1,AT4G23680.1,,,,
,AT2G07560.1,AT1G13080.2,AT5G12330.3,,,,
,AT3G61510.1,AT1G06090.1,AT4G34380.1,,,,
,,AT1G53990.1,AT5G13750.2,,,,
,,AT2G25890.1,AT3G20530.1,,,,
,,AT2G03710.3,AT3G12580.1,,,,
,,AT2G41342.1,AT2G16050.1,,,,
,,AT3G29190.1,AT1G49750.1,,,,
,,AT2G21655.1,AT5G41750.1,,,,
,,AT5G27807.1,AT3G09390.1,,,,
,,AT4G33120.1,AT2G43880.1,,,,
,,AT5G36220.1,AT3G42047.1,,,,
,,AT5G04200.1,AT1G79430.1,,,,
,,AT5G11610.2,AT4G31520.1,,,,
,,AT1G49100.1,AT5G49660.1,,,,
,,AT3G13435.1,AT1G29730.1,,,,
,,AT2G34960.1,AT2G34810.1,,,,
,,AT5G11610.1,AT5G21120.1,,,,
,,AT1G52050.1,AT5G45095.1,,,,
,,AT5G55055.1,AT1G79430.2,,,,
,,AT4G10830.1,AT2G26040.1,,,,
,,AT2G23130.2,AT2G02100.1,,,,
,,AT3G47040.1,AT1G05560.1,,,,
,,AT5G24040.1,AT4G13390.1,,,,
,,AT2G39010.1,AT5G41290.1,,,,
,,AT1G60050.1,AT2G10440.1,,,,
,,AT2G23130.1,AT5G02020.2,,,,
,,AT3G46810.1,AT3G16330.1,,,,
,,AT1G51750.1,AT1G05562.1,,,,
,,AT2G13910.1,AT1G23500.1,,,,
,,AT3G10870.1,AT5G01790.1,,,,
,,AT1G78160.1,AT1G26700.1,,,,
,,AT2G03600.1,AT4G01535.1,,,,
,,AT3G16250.1,AT4G15660.1,,,,
,,AT3G22740.1,AT4G01600.2,,,,
,,AT5G36870.1,AT4G01600.1,,,,
,,AT5G56510.1,AT5G13750.1,,,,
,,AT1G29500.1,AT5G13750.3,,,,
,,AT4G18660.1,AT4G02810.1,,,,
,,AT4G22460.1,AT5G20830.1,,,,
,,AT5G62420.1,AT5G20830.2,,,,
,,AT5G27200.1,AT5G01600.1,,,,
,,AT2G41850.1,AT3G12520.1,,,,
,,AT1G53940.1,AT2G02000.1,,,,
,,AT5G15180.1,AT2G16586.1,,,,
,,ATMG01250.1,AT1G21890.1,,,,
,,AT2G29090.1,AT1G78060.1,,,,
,,AT2G29090.2,AT3G12520.2,,,,
,,AT4G28530.2,AT5G43300.1,,,,
,,AT1G62262.1,AT5G02020.1,,,,
,,ATMG01190.1,AT3G23150.1,,,,
,,AT5G62330.1,AT2G41100.3,,,,
,,AT2G21020.1,AT4G15550.1,,,,
,,AT5G24410.1,AT3G52810.1,,,,
,,AT3G06880.2,AT3G56780.1,,,,
,,AT3G06880.1,AT4G16690.1,,,,
,,AT4G40065.1,AT1G68390.1,,,,
,,AT2G03600.2,AT4G35190.1,,,,
,,AT5G47000.1,AT4G34530.1,,,,
,,AT3G46710.1,AT2G31180.1,,,,
,,AT1G77990.1,AT2G41100.1,,,,
,,AT5G44680.1,AT2G41100.4,,,,
,,AT1G77760.1,AT2G23060.2,,,,
,,AT4G15330.1,AT5G19440.1,,,,
,,AT5G28627.1,AT2G44080.1,,,,
,,AT1G77992.1,AT5G25230.1,,,,
,,AT3G46850.1,AT4G19050.1,,,,
,,AT4G28530.1,AT3G08700.1,,,,
,,AT5G54270.1,AT4G33420.1,,,,
,,AT4G27400.1,AT5G64240.1,,,,
,,AT4G12470.1,AT2G34610.1,,,,
,,AT4G38860.1,AT5G56080.1,,,,
,,AT5G24070.1,AT3G03660.2,,,,
,,AT5G24040.2,AT5G03840.1,,,,
,,AT1G63360.1,AT1G45140.1,,,,
,,AT2G03600.3,AT4G34131.1,,,,
,,AT1G30220.1,AT1G06830.1,,,,
,,AT1G25425.1,AT2G04038.1,,,,
,,AT5G06690.1,AT5G52640.1,,,,
,,AT1G21500.1,AT5G64240.2,,,,
,,AT5G48575.1,AT2G10440.2,,,,
,,AT5G23660.1,AT4G01430.2,,,,
,,AT1G71920.2,AT2G25737.1,,,,
,,AT4G22410.1,AT5G14070.1,,,,
,,AT5G06690.2,AT2G34850.1,,,,
,,AT1G71920.1,AT2G41100.2,,,,
,,AT1G71920.3,AT5G50130.1,,,,
,,AT5G25470.2,AT2G05441.1,,,,
,,AT5G53700.1,AT3G44290.1,,,,
,,AT1G33135.1,AT1G25530.1,,,,
,,AT3G04110.1,AT5G59220.1,,,,
,,AT3G53840.1,AT5G50130.2,,,,
,,AT1G14150.2,AT1G06080.1,,,,
,,AT5G39000.1,AT5G09976.1,,,,
,,AT4G31875.1,AT5G38383.1,,,,
,,AT4G28410.1,AT5G09220.1,,,,
,,AT1G12900.4,AT4G01430.1,,,,
,,AT4G37340.1,AT5G57350.1,,,,
,,AT5G54190.1,AT5G57350.2,,,,
,,AT1G12900.2,AT2G29420.1,,,,
,,AT1G12900.3,AT3G26170.1,,,,
,,AT1G44050.1,AT3G03660.1,,,,
,,AT5G55110.1,AT5G41380.1,,,,
,,AT1G12900.1,AT1G01190.1,,,,
,,AT3G58190.1,AT4G16000.1,,,,
,,AT4G37850.1,AT5G07860.1,,,,
,,AT2G18140.1,AT3G01730.1,,,,
,,AT1G08380.1,AT1G60740.1,,,,
,,AT1G67090.1,AT4G01380.1,,,,
,,AT1G67090.2,AT1G33612.1,,,,
,,AT3G02100.1,AT4G20690.1,,,,
,,AT4G21250.1,AT4G19840.1,,,,
,,AT3G46270.1,AT3G21520.1,,,,
,,AT4G38970.1,AT2G46950.1,,,,
,,AT4G38970.2,AT4G08570.1,,,,
,,AT1G20020.1,AT5G02600.1,,,,
,,AT1G20020.2,AT1G14490.1,,,,
,,AT1G20020.3,AT5G48180.1,,,,
,,AT2G20070.1,AT4G27190.1,,,,
,,AT5G59100.1,AT3G28210.1,,,,
,,AT5G54790.1,AT2G28210.1,,,,
,,AT5G54190.2,AT4G32500.1,,,,
,,AT2G16005.1,AT2G31945.1,,,,
,,AT5G51210.1,AT3G62990.1,,,,
,,AT5G09978.1,AT2G43500.1,,,,
,,AT5G06900.1,AT2G43500.2,,,,
,,AT5G54370.1,AT5G37490.1,,,,
,,AT1G55670.1,AT1G11450.1,,,,
,,AT1G49975.1,AT4G00890.1,,,,
,,AT2G03600.4,AT4G15670.1,,,,
,,AT2G03600.5,AT1G30190.1,,,,
,,AT2G32530.1,AT1G73630.1,,,,
,,AT4G25560.1,AT5G50160.1,,,,
,,AT4G13890.1,AT1G11450.2,,,,
,,AT3G29635.1,AT1G53640.1,,,,
,,AT5G53100.1,AT5G38940.1,,,,
,,AT5G43770.1,AT3G61210.1,,,,
,,AT2G04510.1,AT3G61880.1,,,,
,,AT1G04350.1,AT2G37760.3,,,,
,,AT3G16140.1,AT2G37760.2,,,,
,,AT3G05727.1,AT2G37760.4,,,,
,,AT1G32060.1,AT2G37760.1,,,,
,,AT1G21100.1,AT2G37760.5,,,,
,,AT2G05995.1,AT3G53980.2,,,,
,,AT5G07650.1,AT2G38600.1,,,,
,,AT1G76420.1,AT5G02600.2,,,,
,,AT5G43290.1,AT2G47050.1,,,,
,,AT5G42590.1,AT3G53980.1,,,,
,,AT2G25735.1,AT1G62530.1,,,,
,,AT2G44010.1,AT3G05620.1,,,,
,,AT3G54050.2,AT3G01680.1,,,,
,,AT4G38830.1,AT3G62960.1,,,,
,,AT3G48344.1,AT1G76800.1,,,,
,,AT5G33355.1,AT3G61880.2,,,,
,,AT2G21210.1,AT3G25572.1,,,,
,,AT3G54050.1,AT3G25570.1,,,,
,,AT3G30393.1,AT2G23060.1,,,,
,,AT5G25470.1,AT5G07200.1,,,,
,,AT1G66800.1,AT3G09680.1,,,,
,,AT5G03570.1,AT3G25570.2,,,,
,,AT2G18550.1,AT2G40180.1,,,,
,,AT2G18300.1,AT2G47710.1,,,,
,,AT2G18300.2,AT2G23960.1,,,,
,,AT5G04530.1,AT4G12890.1,,,,
,,AT2G33810.1,AT2G43610.1,,,,
,,AT5G03570.2,AT4G20240.1,,,,
,,AT2G35710.3,AT1G19320.1,,,,
,,AT5G47950.1,AT5G43590.1,,,,
,,AT5G20690.1,AT2G29480.1,,,,
,,AT3G02850.1,AT5G58170.1,,,,
,,AT1G76220.1,AT3G58740.1,,,,
,,AT1G73290.1,AT3G05858.1,,,,
,,AT2G18300.3,AT3G23240.1,,,,
,,AT3G07005.1,AT4G01970.1,,,,
,,AT5G50570.2,AT1G76470.1,,,,
,,AT5G56860.1,AT4G23550.1,,,,
,,AT3G14850.1,AT1G71890.1,,,,
,,AT1G49860.1,AT4G24860.1,,,,
,,AT5G13730.1,AT1G76410.1,,,,
,,AT2G46480.1,AT5G22090.2,,,,
,,AT4G13620.1,AT5G22090.1,,,,
,,AT1G73270.1,AT5G39760.1,,,,
,,AT1G62510.1,AT5G40800.1,,,,
,,AT2G35910.1,AT3G01080.1,,,,
,,AT4G04840.1,AT1G62530.2,,,,
,,AT1G70680.1,AT2G05440.6,,,,
,,AT1G11530.1,AT2G05440.8,,,,
,,AT1G80380.3,AT2G05440.5,,,,
,,AT1G80380.1,AT2G05440.2,,,,
,,AT4G27170.1,AT2G05440.7,,,,
,,AT1G80380.2,AT2G05440.1,,,,
,,AT5G56100.1,AT2G05440.3,,,,
,,AT2G33815.1,AT1G52342.1,,,,
,,AT4G15740.1,AT2G05440.4,,,,
,,AT1G31885.1,AT5G64060.1,,,,
,,AT1G80380.4,AT4G27210.1,,,,
,,AT1G43590.1,AT5G17760.2,,,,
,,AT5G28145.1,AT2G31210.1,,,,
,,AT3G61470.1,AT4G16015.1,,,,
,,ATMG00020.1,AT5G02370.1,,,,
,,AT4G23400.1,AT4G33550.1,,,,
,,AT3G22250.1,AT2G19060.1,,,,
,,AT1G20180.1,AT1G02530.1,,,,
,,AT5G53490.1,AT5G17760.1,,,,
,,AT5G53490.2,AT5G39030.1,,,,
,,AT5G53490.3,AT5G08790.1,,,,
,,AT3G14260.1,AT1G09930.1,,,,
,,AT1G67148.1,AT5G40000.1,,,,
,,AT2G07815.1,AT3G62725.1,,,,
,,AT5G52780.1,AT4G10010.1,,,,
,,AT1G72620.1,AT5G46130.1,,,,
,,AT2G18260.1,AT2G47190.1,,,,
,,AT4G28900.1,AT4G15300.1,,,,
,,AT2G04440.1,AT1G18871.1,,,,
,,AT1G70860.1,AT1G47960.1,,,,
,,AT2G34420.1,AT5G13790.1,,,,
,,AT1G14520.1,AT4G03540.1,,,,
,,AT2G43220.1,AT3G45060.1,,,,
,,AT1G18280.1,AT3G22550.1,,,,
,,AT3G26740.1,AT2G24000.1,,,,
,,AT1G14520.2,AT5G10140.4,,,,
,,AT5G18661.1,AT3G51860.1,,,,
,,AT1G30140.1,AT5G38386.1,,,,
,,AT1G35350.1,AT1G33102.1,,,,
,,AT5G59270.1,AT3G21600.2,,,,
,,AT4G00165.2,AT3G21600.1,,,,
,,AT1G47600.1,AT2G02120.1,,,,
,,AT1G47600.2,AT1G56250.1,,,,
,,AT1G13245.1,AT2G46630.1,,,,
,,AT2G31540.1,AT4G15690.1,,,,
,,AT4G29450.1,AT2G18050.2,,,,
,,AT3G08940.1,AT2G03850.1,,,,
,,AT4G25430.1,AT4G14060.1,,,,
,,AT3G50710.1,AT4G33550.2,,,,
,,AT4G15400.1,AT5G42610.1,,,,
,,AT1G73340.1,AT3G10720.2,,,,
,,AT1G50060.1,AT1G76520.1,,,,
,,AT2G31585.2,AT2G18050.1,,,,
,,AT5G13485.1,AT1G76520.2,,,,
,,AT2G31585.1,AT4G22640.1,,,,
,,AT3G44755.1,AT3G02480.1,,,,
,,AT1G16905.1,AT1G78320.1,,,,
,,AT3G08940.2,AT1G63057.1,,,,
,,AT4G23280.1,AT4G10265.1,,,,
,,AT1G03130.1,AT1G53130.1,,,,
,,AT4G28850.1,AT5G10140.1,,,,
,,AT4G25830.1,AT5G10140.2,,,,
,,AT5G28715.1,AT5G24600.1,,,,
,,AT3G59730.1,AT2G39980.1,,,,
,,AT5G24775.1,AT5G24600.2,,,,
,,AT1G18730.2,AT1G63055.1,,,,
,,AT1G18730.1,AT1G04330.1,,,,
,,AT4G18550.1,AT4G28350.1,,,,
,,AT1G18730.3,AT2G41230.1,,,,
,,AT5G22580.1,AT3G22910.1,,,,
,,AT3G16130.1,AT5G55770.1,,,,
,,AT1G15180.1,AT1G47603.1,,,,
,,AT4G00080.1,AT5G36130.1,,,,
,,AT1G18730.4,AT1G64940.1,,,,
,,AT3G26290.1,AT3G17110.1,,,,
,,AT4G05095.1,AT3G10720.1,,,,
,,AT3G55310.1,AT4G25760.1,,,,
,,AT2G18800.1,AT2G40390.1,,,,
,,AT1G20180.2,AT5G03495.1,,,,
,,AT1G44318.1,AT1G67160.1,,,,
,,AT3G14850.2,AT1G01460.1,,,,
,,AT5G26582.1,AT1G61610.1,,,,
,,AT1G30380.1,AT1G56480.1,,,,
,,AT2G29360.1,AT5G41280.1,,,,
,,AT2G25150.1,AT4G15680.1,,,,
,,AT3G07250.1,AT2G24000.2,,,,
,,AT3G06460.1,AT1G49030.1,,,,
,,AT4G00165.1,AT4G05030.1,,,,
,,AT3G60610.1,AT4G15350.1,,,,
,,AT4G15380.1,AT5G63850.1,,,,
,,AT5G19970.1,AT1G13310.1,,,,
,,AT2G43590.1,AT1G56242.1,,,,
,,AT1G70720.1,AT2G41231.2,,,,
,,AT2G07721.1,AT2G18328.1,,,,
,,AT3G44705.1,AT3G01600.1,,,,
,,AT5G62165.5,AT3G59900.1,,,,
,,AT5G25140.1,AT5G15380.1,,,,
,,AT3G23760.1,AT2G36970.1,,,,
,,AT2G44920.2,AT3G01970.1,,,,
,,AT1G54740.1,AT3G18450.1,,,,
,,AT1G29180.1,AT5G61470.1,,,,
,,AT3G10320.1,AT5G53820.1,,,,
,,AT4G37700.1,AT5G39130.1,,,,
,,AT3G03500.1,AT1G64660.1,,,,
,,AT3G46500.1,AT3G29670.1,,,,
,,AT2G20170.1,AT1G63750.1,,,,
,,AT5G03550.1,AT4G07940.1,,,,
,,AT2G44920.1,AT3G15990.1,,,,
,,AT5G62165.3,AT1G63750.2,,,,
,,AT5G62165.2,AT2G41231.1,,,,
,,AT4G34930.1,AT4G00780.1,,,,
,,AT1G06120.1,AT3G55650.1,,,,
,,AT5G62165.4,AT4G13992.1,,,,
,,AT1G11190.1,AT5G24570.1,,,,
,,AT2G28970.1,AT5G02380.1,,,,
,,AT3G01550.1,AT1G53630.1,,,,
,,AT4G16050.1,AT3G25620.2,,,,
,,AT5G50190.1,AT5G36140.1,,,,
,,AT1G74930.1,AT1G12130.1,,,,
,,AT5G62165.1,AT1G63750.3,,,,
,,AT2G05180.1,AT5G39610.1,,,,
,,AT1G27020.1,AT2G15220.1,,,,
,,AT1G12070.1,AT5G27600.1,,,,
,,AT3G32047.1,AT1G64370.1,,,,
,,AT5G39020.1,AT1G11145.1,,,,
,,AT4G10350.1,AT2G45570.1,,,,
,,AT2G22200.1,AT3G08040.1,,,,
,,AT3G45440.1,AT3G25620.1,,,,
,,AT3G59720.1,AT2G48090.1,,,,
,,AT1G78520.1,AT3G11350.1,,,,
,,AT3G05936.1,AT3G08040.2,,,,
,,AT2G31030.1,AT2G21900.1,,,,
,,AT2G37130.1,AT4G07960.1,,,,
,,AT3G60520.1,AT1G63057.2,,,,
,,AT1G29179.1,AT2G27300.1,,,,
,,AT4G22214.1,AT1G60720.1,,,,
,,AT5G46260.1,AT1G07885.1,,,,
,,AT4G04972.1,AT5G24160.1,,,,
,,AT4G23271.1,AT4G15320.1,,,,
,,AT3G48200.1,AT2G25482.1,,,,
,,AT3G19320.1,AT4G17660.1,,,,
,,AT1G61520.3,AT5G61740.1,,,,
,,AT1G61520.2,AT5G45990.1,,,,
,,AT4G09420.1,AT1G56240.1,,,,
,,AT1G26820.1,AT1G77120.1,,,,
,,AT1G09310.1,AT2G27390.1,,,,
,,AT1G56540.1,AT5G49130.1,,,,
,,AT3G45130.1,AT5G09730.1,,,,
,,AT5G60660.1,AT5G26250.1,,,,
,,AT5G38990.1,AT3G25260.1,,,,
,,AT3G48360.1,AT4G29770.1,,,,
,,AT1G61520.1,AT1G72900.1,,,,
,,AT4G21870.1,AT2G33020.1,,,,
,,AT1G15180.2,AT1G51090.1,,,,
,,AT2G21200.1,AT5G20710.1,,,,
,,AT3G22570.1,AT1G75830.1,,,,
,,AT1G43140.1,AT2G33710.2,,,,
,,AT4G12430.1,AT5G49138.1,,,,
,,AT4G12432.1,AT4G21680.1,,,,
,,AT2G14100.1,AT1G21140.1,,,,
,,AT1G33320.1,AT1G26250.1,,,,
,,AT1G32540.1,AT5G51440.1,,,,
,,AT1G78460.1,AT4G33720.1,,,,
,,AT5G46490.1,AT4G25010.1,,,,
,,AT5G06330.1,AT3G26230.1,,,,
,,AT2G37130.2,AT1G20990.1,,,,
,,AT5G49770.1,AT4G09110.1,,,,
,,AT3G48420.1,AT5G57123.1,,,,
,,AT5G65320.1,AT5G44120.1,,,,
,,AT1G32540.2,AT2G33710.1,,,,
,,AT1G34044.1,AT3G30725.1,,,,
,,AT2G35370.1,AT5G44120.2,,,,
,,AT3G14225.1,AT5G44120.3,,,,
,,AT5G66490.1,AT3G04721.1,,,,
,,AT5G01050.1,AT4G29770.2,,,,
,,AT5G27930.1,AT3G47510.1,,,,
,,AT3G09290.1,AT2G16740.1,,,,
,,AT3G13760.1,AT3G25730.1,,,,
,,AT5G27930.2,AT5G42230.1,,,,
,,AT1G29930.1,AT5G20820.1,,,,
,,AT4G00070.1,AT3G59190.1,,,,
,,AT3G13437.1,AT1G50090.1,,,,
,,AT5G01250.1,AT2G23170.1,,,,
,,AT5G46490.2,AT2G29110.1,,,,
,,ATCG00490.1,AT4G01870.1,,,,
,,AT1G27480.1,AT3G13280.1,,,,
,,AT1G70860.2,AT4G33930.1,,,,
,,AT3G43890.1,AT1G51420.1,,,,
,,AT1G31330.1,AT4G01630.1,,,,
,,AT1G72220.1,AT3G46340.1,,,,
,,AT3G48340.1,AT1G28170.1,,,,
,,AT1G35186.1,AT1G71520.1,,,,
,,AT4G27740.1,AT5G36670.1,,,,
,,AT2G29995.1,AT4G11310.1,,,,
,,AT1G70260.1,AT5G16530.1,,,,
,,AT3G61700.1,AT3G58150.1,,,,
,,AT2G01180.1,AT2G39400.1,,,,
,,AT3G19800.1,AT5G67060.1,,,,
,,AT3G19800.2,AT4G13260.1,,,,
,,AT3G61700.2,AT2G27270.1,,,,
,,AT3G51910.1,AT4G01390.1,,,,
,,AT1G14280.1,AT1G60750.1,,,,
,,AT3G12977.1,AT1G57800.1,,,,
,,AT3G47470.1,AT5G45530.1,,,,
,,AT5G35940.1,AT5G39100.1,,,,
,,AT1G60190.1,AT1G19530.1,,,,
,,AT2G07756.1,AT3G28600.1,,,,
,,AT2G07809.1,AT2G46495.1,,,,
,,AT3G23800.1,AT2G32860.2,,,,
,,AT1G65486.1,AT3G01705.1,,,,
,,AT4G01890.1,AT1G48800.1,,,,
,,AT2G01180.2,AT2G32487.1,,,,
,,AT3G26300.1,AT5G58460.1,,,,
,,AT1G64210.1,AT2G32860.1,,,,
,,AT2G05310.1,AT3G25190.1,,,,
,,AT2G12385.1,AT1G67100.1,,,,
,,AT1G21210.1,AT1G17170.1,,,,
,,AT1G12080.1,AT5G14565.1,,,,
,,AT5G41050.1,AT5G21110.1,,,,
,,AT5G64260.1,AT5G51500.1,,,,
,,AT2G17055.1,AT4G15700.1,,,,
,,AT5G42655.1,AT4G23250.1,,,,
,,AT5G11570.1,AT5G43175.1,,,,
,,AT5G40060.1,AT5G36150.1,,,,
,,AT5G19190.1,AT3G50610.1,,,,
,,AT1G12080.2,AT5G14570.1,,,,
,,AT4G27710.1,AT3G21352.1,,,,
,,AT1G65486.2,AT3G28917.1,,,,
,,AT2G37180.1,AT5G04380.1,,,,
,,AT1G10220.1,AT1G53610.1,,,,
,,AT2G44110.1,AT1G03880.1,,,,
,,AT1G32540.3,AT4G12735.1,,,,
,,AT4G18422.1,AT1G11080.2,,,,
,,AT5G48320.1,AT1G11080.1,,,,
,,AT4G12690.1,AT2G27550.1,,,,
,,AT1G57570.1,AT1G61130.1,,,,
,,AT1G20840.1,AT1G07985.1,,,,
,,AT4G05200.1,AT1G71200.1,,,,
,,AT4G12690.2,AT1G19960.1,,,,
,,AT2G29320.1,AT1G15620.1,,,,
,,AT2G37170.1,AT5G16970.1,,,,
,,AT1G50530.1,AT2G25095.1,,,,
,,AT2G07772.1,AT4G14020.1,,,,
,,AT2G35000.1,AT1G54575.1,,,,
,,AT2G44110.2,AT1G20500.1,,,,
,,AT2G37740.1,AT5G06760.1,,,,
,,AT5G26200.1,AT5G60770.1,,,,
,,AT2G07718.1,AT1G25155.1,,,,
,,AT3G16240.1,AT1G33570.1,,,,
,,AT4G36870.2,AT1G61710.1,,,,
,,AT2G01880.1,AT3G26820.1,,,,
,,AT1G02810.1,AT5G44565.1,,,,
,,AT1G30270.1,AT4G24040.1,,,,
,,AT3G57920.1,AT1G29740.1,,,,
,,AT5G25120.1,AT2G17040.1,,,,
,,AT5G23870.2,AT1G48590.2,,,,
,,AT2G28560.1,AT4G34470.1,,,,
,,AT5G56970.1,AT1G75490.1,,,,
,,ATMG01080.1,AT2G44070.1,,,,
,,AT2G07752.1,AT5G49690.1,,,,
,,AT1G72870.1,AT5G60250.1,,,,
,,AT5G43540.1,AT3G18470.1,,,,
,,AT2G38750.1,AT5G40360.1,,,,
,,AT3G06640.1,AT3G43190.1,,,,
,,AT2G07778.1,AT5G46610.3,,,,
,,AT4G36870.1,AT1G78340.1,,,,
,,AT2G30900.1,AT5G25615.1,,,,
,,AT2G07753.1,AT4G33560.1,,,,
,,AT2G23620.1,AT5G66780.1,,,,
,,AT2G36830.1,AT3G23230.1,,,,
,,AT5G23870.1,AT1G66783.1,,,,
,,AT3G45710.1,AT4G01060.2,,,,
,,AT5G23870.3,AT4G01780.1,,,,
,,AT3G47220.1,AT4G01060.3,,,,
,,AT2G07768.1,AT1G14110.1,,,,
,,AT5G26730.1,AT2G36985.1,,,,
,,AT4G08300.1,AT4G01060.1,,,,
,,AT2G07686.1,AT5G41755.1,,,,
,,AT3G52820.1,AT3G05950.1,,,,
,,AT2G01770.1,AT1G21320.1,,,,
,,AT2G07683.1,AT1G35310.1,,,,
,,AT2G28560.4,AT4G04710.1,,,,
,,AT3G50280.1,AT1G60470.1,,,,
,,AT5G57810.1,AT2G37900.1,,,,
,,AT4G30180.1,AT5G15360.1,,,,
,,AT2G42250.1,AT3G11870.1,,,,
,,AT1G52820.1,AT3G60328.1,,,,
,,AT2G07769.1,AT5G37970.1,,,,
,,AT2G13550.1,AT2G24720.1,,,,
,,AT2G07746.1,AT3G47420.1,,,,
,,AT3G17510.2,AT1G64035.1,,,,
,,AT2G27402.1,AT1G59124.1,,,,
,,AT4G15290.1,AT3G12203.1,,,,
,,AT2G44170.1,AT5G22530.1,,,,
,,AT3G56000.1,AT1G58807.2,,,,
,,AT1G20340.1,AT1G25210.1,,,,
,,AT2G07748.1,AT1G25210.2,,,,
,,AT3G11150.1,AT4G16460.1,,,,
,,AT3G45650.1,AT2G05480.1,,,,
,,AT1G05575.1,AT3G16600.1,,,,
,,AT5G26010.1,AT1G68735.1,,,,
,,AT5G42180.1,AT2G38920.1,,,,
,,AT1G64680.1,AT2G38920.2,,,,
,,AT3G50820.1,AT2G19210.1,,,,
,,AT5G23750.2,AT3G44300.1,,,,
,,AT5G23750.1,AT2G38920.3,,,,
,,AT5G26270.1,AT1G01580.1,,,,
,,AT1G70890.1,AT4G16460.3,,,,
,,AT3G59060.3,AT4G16460.2,,,,
,,AT3G56220.1,AT4G15490.1,,,,
,,AT4G01533.1,AT1G58807.1,,,,
,,AT3G17510.1,AT3G28230.1,,,,
,,AT2G30570.1,AT3G28230.2,,,,
,,AT3G09020.1,AT1G73220.1,,,,
,,AT1G76210.1,AT4G36110.1,,,,
,,AT4G10340.1,AT5G45113.1,,,,
,,AT1G16930.1,AT5G10180.1,,,,
,,AT2G35710.1,AT5G46610.1,,,,
,,AT4G02770.1,AT5G46610.2,,,,
,,AT5G13940.1,AT1G48000.1,,,,
,,AT2G07672.1,AT2G19770.1,,,,
,,AT1G12610.1,AT1G21320.2,,,,
,,AT3G45093.1,AT4G24204.2,,,,
,,AT1G74880.1,AT2G39510.1,,,,
,,AT2G07743.1,AT1G59030.1,,,,
,,AT1G05570.2,AT1G44010.1,,,,
,,AT1G08670.1,AT4G00390.1,,,,
,,AT3G60700.1,AT4G11340.1,,,,
,,AT1G05570.1,AT2G23270.1,,,,
,,AT5G26270.2,AT3G30843.1,,,,
,,AT3G61060.1,AT3G42174.1,,,,
,,AT3G61060.2,AT5G63350.1,,,,
,,AT4G21210.1,AT2G16810.1,,,,
,,AT2G07684.1,AT4G25200.1,,,,
,,AT5G26280.1,AT1G11920.1,,,,
,,AT5G14120.1,AT1G66090.1,,,,
,,AT1G50560.1,AT1G74810.1,,,,
,,AT5G53520.1,AT5G24080.1,,,,
,,AT2G07745.1,AT2G30680.1,,,,
,,AT5G26280.2,AT4G04560.1,,,,
,,AT1G33100.1,AT5G16960.1,,,,
,,AT2G01940.1,AT4G24204.1,,,,
,,AT5G02090.1,AT4G24204.3,,,,
,,AT5G57785.1,AT5G07330.1,,,,
,,AT5G56870.1,AT1G48325.1,,,,
,,AT1G64380.1,AT2G27535.1,,,,
,,AT2G28056.1,AT5G39110.1,,,,
,,AT2G07673.1,AT4G19690.2,,,,
,,AT4G21210.2,AT4G19925.1,,,,
,,AT2G01940.3,AT4G19690.1,,,,
,,AT1G48500.3,AT1G15610.1,,,,
,,AT3G62270.1,AT5G43450.1,,,,
,,AT1G51880.1,AT2G29470.1,,,,
,,AT4G37620.1,AT4G35010.1,,,,
,,AT2G38760.1,AT3G49520.1,,,,
,,AT5G07990.1,AT2G02010.1,,,,
,,AT2G38510.1,AT3G27950.1,,,,
,,AT4G02380.2,AT2G31420.1,,,,
,,AT4G02380.1,AT1G64070.1,,,,
,,AT1G47760.1,AT2G47040.1,,,,
,,AT4G25090.1,AT3G19615.1,,,,
,,AT3G59060.2,AT2G19900.1,,,,
,,AT3G59060.4,AT3G42090.1,,,,
,,AT1G52220.1,AT2G45550.1,,,,
,,AT1G52220.2,AT1G15610.2,,,,
,,AT1G49310.1,AT4G34770.1,,,,
,,AT3G15115.1,AT3G42383.1,,,,
,,AT2G28110.1,AT3G42220.1,,,,
,,ATCG00630.1,AT5G19890.1,,,,
,,AT4G33790.1,AT3G42086.1,,,,
,,AT2G04790.3,AT3G42100.1,,,,
,,AT5G52320.1,AT3G42550.1,,,,
,,AT1G14150.1,AT5G64110.1,,,,
,,AT2G05520.4,AT3G42186.1,,,,
,,AT3G25655.1,AT3G42434.1,,,,
,,AT2G05520.6,AT3G42155.1,,,,
,,AT2G05520.1,AT3G42057.1,,,,
,,AT2G04790.2,AT3G42054.1,,,,
,,AT1G48500.2,AT1G52440.1,,,,
,,AT2G39490.1,AT1G66780.1,,,,
,,AT2G05520.3,AT2G41730.1,,,,
,,AT5G38970.2,AT4G21020.1,,,,
,,AT5G46090.1,AT2G05500.1,,,,
,,AT3G21055.1,AT3G42181.1,,,,
,,AT2G15370.1,AT3G42203.1,,,,
,,AT4G32460.2,AT3G42206.1,,,,
,,AT5G55250.1,AT3G42230.1,,,,
,,AT5G05320.1,AT3G42233.1,,,,
,,AT2G28605.1,AT3G42250.1,,,,
,,AT1G48500.1,AT3G42251.1,,,,
,,AT1G09155.1,AT3G42252.1,,,,
,,AT5G02160.1,AT3G42160.1,,,,
,,AT2G07681.1,AT1G55035.1,,,,
,,AT4G25090.2,AT3G42353.1,,,,
,,AT5G38970.1,AT3G42545.1,,,,
,,AT4G25940.1,AT3G42130.1,,,,
,,AT2G28160.1,AT3G42245.1,,,,
,,AT2G39730.3,AT3G42178.1,,,,
,,AT5G38970.3,AT3G42179.1,,,,
,,AT3G05900.1,AT3G42236.1,,,,
,,AT3G26040.1,AT3G42065.1,,,,
,,AT1G65850.2,AT3G42115.1,,,,
,,AT2G39730.2,AT3G42120.1,,,,
,,AT4G32460.1,AT3G42200.1,,,,
,,AT1G65940.1,AT3G42148.1,,,,
,,AT2G39730.1,AT3G42182.1,,,,
,,AT4G30120.1,AT3G42080.1,,,,
,,AT5G65925.1,AT4G18990.1,,,,
,,AT4G33810.1,AT3G42140.1,,,,
,,AT1G23090.1,AT3G42083.1,,,,
,,AT3G02610.1,AT3G42240.1,,,,
,,AT2G05520.5,AT3G42253.1,,,,
,,AT4G21280.2,AT3G42257.1,,,,
,,AT4G21280.1,AT3G42258.1,,,,
,,AT1G79040.1,AT3G42270.1,,,,
,,AT5G55250.2,AT3G42305.1,,,,
,,AT1G30455.1,AT3G42313.1,,,,
,,AT2G06925.1,AT3G42316.1,,,,
,,AT3G59060.1,AT3G42356.1,,,,
,,AT4G04750.1,AT3G42420.1,,,,
,,AT3G48940.1,AT3G42432.1,,,,
,,AT2G22620.1,AT3G42433.1,,,,
,,AT3G05905.1,AT3G42438.1,,,,
,,AT5G07680.1,AT3G42470.1,,,,
,,AT2G22000.1,AT3G42471.1,,,,
,,AT5G42250.1,AT3G42472.1,,,,
,,AT4G15270.1,AT3G42474.1,,,,
,,AT3G30720.1,AT3G42475.1,,,,
,,AT5G41410.1,AT3G42476.1,,,,
,,AT4G23870.1,AT3G42478.1,,,,
,,AT1G78970.2,AT3G42480.1,,,,
,,AT5G44020.1,AT3G42535.1,,,,
,,AT1G76360.1,AT3G42542.1,,,,
,,AT5G07680.2,AT3G42256.1,,,,
,,AT3G54340.1,AT3G42380.1,,,,
,,AT5G66052.1,AT3G42466.1,,,,
,,AT2G21540.1,AT3G42110.1,,,,
,,AT1G65850.1,AT4G31330.1,,,,
,,AT1G30370.1,AT3G42360.1,,,,
,,AT3G06070.1,AT3G42255.1,,,,
,,AT5G59590.1,AT3G42445.1,,,,
,,AT5G64620.1,AT3G42260.1,,,,
,,ATCG00020.1,AT3G42070.1,,,,
,,AT1G62370.1,AT3G42431.1,,,,
,,AT1G52190.1,AT3G42280.1,,,,
,,AT2G21540.2,AT4G31380.1,,,,
,,AT3G22460.1,AT3G42190.1,,,,
,,AT5G44130.1,AT3G42060.1,,,,
,,ATMG01220.1,AT3G42385.1,,,,
,,AT1G73280.1,AT3G42254.1,,,,
,,AT1G51850.1,AT3G42390.1,,,,
,,AT5G06980.2,AT3G42440.1,,,,
,,AT2G26500.2,AT3G42473.1,,,,
,,AT2G22620.2,AT3G42490.1,,,,
,,AT1G65190.1,AT3G42510.1,,,,
,,AT2G26500.3,AT3G42520.1,,,,
,,AT1G78970.1,AT3G42350.1,,,,
,,AT5G06980.1,AT3G42430.1,,,,
,,AT5G35630.2,AT3G42436.1,,,,
,,AT5G35630.3,AT3G42450.1,,,,
,,AT5G35630.1,AT3G42500.1,,,,
,,AT1G80830.1,AT3G42310.1,,,,
,,AT2G21540.3,AT3G42300.1,,,,
,,AT2G01940.2,AT3G42330.1,,,,
,,AT2G26500.1,AT3G42340.1,,,,
,,AT1G53830.1,AT3G42460.1,,,,
,,AT2G05520.2,AT3G42386.1,,,,
,,AT3G16220.1,AT2G29460.1,,,,
,,AT1G50520.1,AT1G17180.1,,,,
,,AT1G18382.1,AT2G19500.1,,,,
,,AT1G52220.3,AT3G42540.1,,,,
,,AT3G54310.1,AT3G42320.1,,,,
,,AT2G04090.1,AT3G42290.1,,,,
,,AT3G13400.1,AT3G42400.1,,,,
,,AT1G05835.1,AT1G18970.1,,,,
,,AT2G16750.1,AT3G42410.1,,,,
,,AT5G06980.4,AT4G20510.1,,,,
,,AT5G06980.3,AT1G21540.1,,,,
,,AT2G28560.2,AT3G42530.1,,,,
,,AT1G71030.1,AT2G04066.1,,,,
,,AT2G20180.1,AT1G59359.1,,,,
,,AT1G62280.1,AT4G23560.1,,,,
,,AT3G56230.1,AT5G52390.1,,,,
,,AT1G02575.1,AT1G64160.1,,,,
,,AT4G30640.1,AT5G13370.1,,,,
,,AT3G52535.1,AT3G03670.1,,,,
,,AT2G35710.2,AT3G21781.1,,,,
,,AT5G45220.1,AT1G68750.1,,,,
,,AT5G64040.1,AT2G16730.1,,,,
,,AT2G02610.1,AT1G24880.2,,,,
,,AT5G40330.1,AT2G36770.1,,,,
,,AT1G74430.1,AT5G56960.1,,,,
,,AT1G13430.1,AT5G48175.1,,,,
,,AT1G23200.1,AT3G21500.2,,,,
,,AT5G64040.2,AT3G21500.1,,,,
,,AT3G54490.1,AT3G16432.1,,,,
,,AT5G42930.1,AT3G11160.1,,,,
,,AT1G22160.1,AT4G17718.1,,,,
,,AT3G25930.1,AT3G16360.2,,,,
,,AT2G42247.1,AT2G15490.3,,,,
,,AT3G59130.1,AT1G65485.1,,,,
,,AT5G24735.1,AT2G15490.1,,,,
,,AT2G20180.2,AT3G27250.1,,,,
,,AT1G27670.1,AT3G11980.1,,,,
,,AT3G16690.1,AT2G15490.2,,,,
,,AT1G58602.1,AT1G03790.1,,,,
,,AT2G28560.3,AT1G05680.1,,,,
,,AT5G60530.1,AT1G52690.1,,,,
,,AT5G22550.1,AT1G52690.2,,,,
,,AT2G04790.4,AT5G16980.1,,,,
,,AT4G01525.1,AT4G01980.1,,,,
,,AT4G38690.1,AT4G15370.1,,,,
,,AT1G01180.1,AT3G16360.1,,,,
,,AT5G43740.1,AT4G20370.1,,,,
,,AT3G14415.3,AT4G00872.1,,,,
,,AT3G14415.1,AT1G63560.1,,,,
,,AT3G14415.2,AT3G60470.1,,,,
,,AT5G48290.1,AT5G16980.2,,,,
,,AT1G34315.1,AT3G15500.1,,,,
,,AT1G63380.2,AT5G39120.1,,,,
,,AT5G43740.2,AT1G36630.1,,,,
,,AT2G23630.1,AT3G54530.2,,,,
,,AT3G49930.1,AT1G48130.1,,,,
,,AT4G09300.1,AT3G25715.1,,,,
,,AT5G22550.2,AT3G48510.1,,,,
,,AT2G44840.1,AT1G53620.1,,,,
,,AT4G32650.1,AT3G11680.1,,,,
,,AT4G32650.3,AT3G54530.1,,,,
,,AT4G23515.1,AT5G62160.1,,,,
,,AT4G32650.2,AT1G65483.2,,,,
,,AT1G69900.1,AT3G01345.1,,,,
,,AT5G22430.1,AT3G17060.1,,,,
,,AT3G47710.1,AT1G24880.3,,,,
,,AT3G50120.1,AT3G54070.1,,,,
,,AT3G29430.1,AT1G04370.1,,,,
,,AT5G48290.2,AT5G26120.1,,,,
,,AT1G78390.1,AT4G13554.1,,,,
,,AT5G65800.1,AT5G61730.1,,,,
,,AT5G58260.1,AT2G33270.1,,,,
,,AT2G28460.1,AT3G54940.2,,,,
,,AT1G76240.1,AT5G20750.1,,,,
,,AT2G42380.1,AT1G73120.1,,,,
,,AT1G13970.1,AT2G37870.1,,,,
,,AT2G26410.1,AT2G46190.1,,,,
,,AT3G59370.1,AT3G11920.1,,,,
,,AT2G42380.2,AT2G15500.1,,,,
,,AT2G37450.1,AT3G61290.1,,,,
,,AT1G72416.1,AT2G17850.1,,,,
,,AT5G58260.2,AT2G37810.1,,,,
,,AT4G25050.1,AT5G61890.1,,,,
,,ATMG00180.1,AT1G58725.1,,,,
,,AT3G09790.1,AT1G58766.1,,,,
,,AT1G72416.2,AT1G22210.1,,,,
,,AT1G78260.1,AT3G60270.1,,,,
,,AT2G45660.1,AT3G20360.1,,,,
,,AT1G72416.4,AT2G43580.1,,,,
,,AT2G47400.1,AT4G15310.1,,,,
,,AT1G63180.1,AT1G24822.1,,,,
,,AT5G25020.1,AT5G24640.1,,,,
,,AT2G20080.2,AT2G37770.2,,,,
,,AT4G16860.1,AT2G37770.1,,,,
,,AT4G25050.2,AT3G44470.2,,,,
,,AT1G49500.1,AT1G24879.1,,,,
,,AT3G52535.2,AT5G62627.1,,,,
,,AT1G72416.5,AT1G65483.1,,,,
,,AT4G17600.1,AT1G49570.1,,,,
,,AT1G78260.2,AT5G52300.1,,,,
,,AT3G20950.1,AT5G52300.2,,,,
,,AT4G30140.1,AT1G52343.1,,,,
,,AT2G25680.1,AT1G30710.1,,,,
,,AT5G54230.1,AT5G07410.1,,,,
,,AT1G58602.2,AT1G55230.1,,,,
,,AT2G37450.2,AT3G60420.1,,,,
,,AT3G63140.1,AT2G04063.1,,,,
,,AT2G39420.1,AT3G11310.1,,,,
,,AT3G51410.1,AT1G02790.1,,,,
,,AT4G10770.1,AT1G36240.1,,,,
,,AT1G30750.1,AT5G09570.1,,,,
,,AT4G29610.1,AT3G60420.2,,,,
,,AT3G28170.1,AT5G22300.1,,,,
,,AT5G59930.1,AT5G45105.2,,,,
,,AT1G72416.3,AT5G45105.1,,,,
,,AT3G24020.1,AT3G21720.1,,,,
,,AT1G08990.1,AT4G27140.1,,,,
,,AT1G61480.1,AT2G06660.1,,,,
,,AT3G45080.1,AT3G26200.1,,,,
,,AT3G28160.1,AT2G18180.1,,,,
,,AT4G23590.1,AT4G20520.1,,,,
,,AT3G46130.2,AT5G28520.1,,,,
,,AT2G17890.1,AT5G66400.1,,,,
,,AT5G46270.1,AT5G66400.2,,,,
,,AT3G46130.1,AT2G43510.1,,,,
,,AT5G45340.1,AT5G06500.1,,,,
,,AT3G61430.1,AT2G15940.1,,,,
,,AT3G61430.2,AT5G07310.1,,,,
,,AT5G19230.1,AT3G47380.1,,,,
,,AT1G65985.1,AT1G24851.1,,,,
,,AT2G20180.3,AT2G29220.1,,,,
,,AT3G46130.3,AT1G05650.1,,,,
,,AT2G39410.1,AT1G62420.1,,,,
,,AT1G26360.1,AT2G30670.1,,,,
,,AT1G34040.1,AT1G24220.1,,,,
,,AT1G61360.2,AT2G46494.1,,,,
,,AT2G11280.1,AT3G24510.1,,,,
,,AT5G20250.4,AT4G37710.1,,,,
,,AT5G20250.3,AT5G23790.1,,,,
,,AT1G30110.2,AT3G17520.1,,,,
,,AT5G42500.1,AT5G25600.1,,,,
,,AT2G20080.1,AT3G07850.1,,,,
,,AT4G35030.3,AT4G11030.1,,,,
,,AT5G20250.1,AT4G20650.1,,,,
,,AT2G22460.1,AT5G23990.1,,,,
,,AT5G20250.2,AT3G11165.1,,,,
,,AT1G68010.2,AT4G32950.1,,,,
,,AT1G75690.1,AT2G43890.1,,,,
,,AT1G78230.1,AT1G24967.1,,,,
,,AT3G61300.1,AT3G12900.1,,,,
,,AT5G45340.2,AT2G04460.1,,,,
,,AT1G80320.1,AT4G15360.1,,,,
,,AT1G24020.1,AT5G52400.1,,,,
,,AT3G24420.1,AT1G24881.1,,,,
,,ATCG00680.1,AT4G16550.1,,,,
,,AT3G46130.4,AT1G24938.1,,,,
,,AT1G12845.1,AT5G25960.1,,,,
,,AT4G28890.1,AT2G01800.1,,,,
,,AT3G48400.1,AT1G18240.1,,,,
,,AT2G46820.1,AT4G11180.1,,,,
,,AT1G30110.1,AT1G52680.1,,,,
,,AT3G24750.1,AT3G60780.1,,,,
,,AT1G25440.1,AT2G31425.1,,,,
,,AT1G24020.2,AT4G13080.1,,,,
,,AT2G46820.2,AT4G18815.1,,,,
,,AT1G31935.1,AT1G11610.1,,,,
,,AT1G68010.1,AT5G22490.1,,,,
,,AT1G17300.1,AT1G22015.1,,,,
,,AT4G19170.1,AT5G55131.1,,,,
,,AT2G29750.1,AT5G50136.1,,,,
,,AT1G49390.1,AT5G25430.1,,,,
,,AT1G71710.2,AT2G16180.1,,,,
,,AT5G61260.1,AT4G20810.1,,,,
,,AT2G01430.1,AT3G44090.1,,,,
,,AT3G04060.1,AT2G30810.1,,,,
,,AT4G09432.1,AT3G61040.1,,,,
,,AT2G01900.1,AT3G27810.1,,,,
,,AT3G56730.1,AT1G11610.2,,,,
,,AT4G35030.2,AT5G62162.1,,,,
,,AT3G20960.1,AT2G02030.1,,,,
,,AT1G33055.1,AT3G07840.1,,,,
,,AT1G26970.1,AT5G01440.1,,,,
,,AT4G35030.1,AT3G52010.1,,,,
,,AT5G10280.1,AT3G11825.1,,,,
,,AT1G52790.1,AT1G24909.1,,,,
,,AT1G69570.1,AT3G44080.1,,,,
,,AT5G24900.1,AT5G18085.1,,,,
,,AT2G43445.1,AT5G55565.1,,,,
,,AT3G58850.1,AT3G60420.3,,,,
,,AT3G27170.1,AT5G55132.1,,,,
,,AT3G16175.1,AT2G41810.1,,,,
,,AT2G35210.1,AT5G24440.1,,,,
,,AT1G42970.1,AT2G42470.1,,,,
,,AT2G35210.2,AT3G61035.1,,,,
,,ATCG00210.1,AT1G35650.1,,,,
,,AT2G04025.1,AT4G20680.1,,,,
,,AT1G17030.1,AT4G20710.1,,,,
,,AT5G03380.1,AT3G43990.1,,,,
,,AT3G28380.1,AT2G28580.1,,,,
,,AT2G28100.1,AT1G48095.1,,,,
,,AT1G15820.1,AT1G61563.1,,,,
,,AT1G60610.3,AT3G60120.1,,,,
,,AT1G16170.1,AT3G29750.1,,,,
,,AT1G60610.2,AT3G59180.1,,,,
,,AT3G52450.1,AT4G12960.1,,,,
,,AT1G69572.1,AT4G12960.2,,,,
,,AT5G46110.3,AT3G28007.1,,,,
,,AT1G72200.1,AT5G36680.1,,,,
,,AT2G47930.1,AT5G36690.1,,,,
,,AT5G11670.1,AT5G22420.1,,,,
,,AT1G15640.1,AT1G22120.1,,,,
,,AT3G27095.1,AT1G52120.1,,,,
,,AT1G22740.1,AT4G20200.1,,,,
,,AT3G42800.1,AT2G39540.1,,,,
,,AT3G03650.1,AT4G31830.1,,,,
,,AT1G03010.1,AT3G59260.1,,,,
,,AT5G46110.1,AT3G11673.1,,,,
,,AT5G46110.2,AT1G25886.1,,,,
,,AT5G46110.4,AT3G16550.1,,,,
,,AT1G66440.1,AT3G44470.1,,,,
,,AT1G61590.1,AT1G48980.1,,,,
,,AT5G26300.1,AT1G48980.2,,,,
,,AT2G27360.1,AT1G48980.3,,,,
,,AT1G71710.1,AT1G48980.4,,,,
,,AT1G23760.1,AT5G58180.1,,,,
,,AT2G02950.1,AT5G58180.2,,,,
,,AT3G53420.1,AT4G23370.1,,,,
,,AT3G53420.2,AT5G39140.1,,,,
,,AT1G60610.1,AT5G36700.3,,,,
,,AT5G26660.1,AT3G26190.1,,,,
,,AT5G03380.2,AT5G36700.1,,,,
,,AT4G35380.1,AT2G30650.1,,,,
,,AT3G21260.3,AT5G36700.2,,,,
,,AT1G56630.1,AT5G36700.4,,,,
,,AT4G36500.1,AT4G20530.1,,,,
,,ATCG00280.1,AT4G20540.1,,,,
,,AT2G32300.1,AT4G20550.1,,,,
,,AT5G61590.1,AT4G20560.1,,,,
,,AT5G37210.1,AT4G20570.1,,,,
,,AT2G19970.1,AT4G20580.1,,,,
,,AT1G26680.1,AT4G20590.1,,,,
,,AT1G71740.1,AT4G20600.1,,,,
,,AT4G13580.1,AT4G20610.1,,,,
,,AT4G33310.1,AT4G20620.1,,,,
,,AT2G07675.1,AT4G20630.1,,,,
,,AT1G44575.1,AT4G20640.1,,,,
,,AT1G70885.1,AT3G61030.1,,,,
,,AT5G58680.1,AT3G11300.1,,,,
,,AT4G16870.1,AT4G16560.1,,,,
,,AT4G18425.1,AT1G11925.1,,,,
,,AT2G27370.1,AT1G25083.1,,,,
,,AT3G23180.1,AT3G48640.1,,,,
,,AT2G31730.1,AT2G04060.1,,,,
,,AT3G55800.1,,,,,
,,AT2G33990.1,,,,,
,,AT2G39040.1,,,,,
,,AT5G38710.1,,,,,
,,AT4G23020.1,,,,,
,,AT5G06800.1,,,,,
,,AT4G23020.2,,,,,
,,AT1G44575.2,,,,,
,,AT1G23060.2,,,,,
,,AT2G29740.1,,,,,
,,AT4G11460.1,,,,,
,,AT1G15890.1,,,,,
,,AT1G80325.2,,,,,
,,AT1G17190.1,,,,,
,,AT3G45390.1,,,,,
,,ATCG00550.1,,,,,
,,AT2G35830.2,,,,,
,,AT5G55650.1,,,,,
,,AT2G35830.1,,,,,
,,AT4G35060.1,,,,,
,,AT1G29670.1,,,,,
,,AT5G10430.1,,,,,
,,AT1G80440.1,,,,,
,,AT1G17060.1,,,,,
,,AT3G53210.1,,,,,
,,AT1G69526.1,,,,,
,,AT3G56730.2,,,,,
,,AT2G36100.1,,,,,
,,AT5G21100.1,,,,,
,,ATCG00270.1,,,,,
,,AT1G62780.1,,,,,
,,AT5G51160.1,,,,,
,,AT4G21230.1,,,,,
,,AT4G02180.1,,,,,
,,AT2G38790.1,,,,,
,,AT5G06800.2,,,,,
,,AT4G33740.3,,,,,
,,AT2G24240.1,,,,,
,,AT2G28105.1,,,,,
,,AT3G55330.1,,,,,
,,AT3G24715.1,,,,,
,,AT2G20510.1,,,,,
,,AT3G32980.1,,,,,
,,AT1G58561.1,,,,,
,,AT2G21880.1,,,,,
,,AT3G46400.1,,,,,
,,AT1G17960.1,,,,,
,,AT2G25220.2,,,,,
,,AT2G28670.1,,,,,
,,AT5G67390.1,,,,,
,,AT2G28670.2,,,,,
,,AT5G67390.2,,,,,
,,AT2G28671.1,,,,,
,,AT4G15233.1,,,,,
,,AT3G05920.1,,,,,
,,AT5G49360.1,,,,,
,,AT2G21330.3,,,,,
,,AT1G72510.2,,,,,
,,AT5G01530.1,,,,,
,,AT1G75780.1,,,,,
,,AT1G38065.1,,,,,
,,AT3G26520.1,,,,,
,,AT3G51660.1,,,,,
,,AT3G12320.1,,,,,
,,AT2G21880.2,,,,,
,,AT2G26710.1,,,,,
,,AT3G48115.1,,,,,
,,AT3G03000.1,,,,,
,,AT2G46790.2,,,,,
,,AT2G31070.1,,,,,
,,AT5G42010.1,,,,,
,,AT5G04140.2,,,,,
,,AT3G25510.1,,,,,
,,AT5G65340.1,,,,,
,,AT2G46790.1,,,,,
,,AT3G09940.1,,,,,
,,AT2G21330.1,,,,,
,,AT3G09940.2,,,,,
,,AT2G21330.2,,,,,
,,AT2G43050.1,,,,,
,,AT2G25220.1,,,,,
,,AT1G76080.1,,,,,
,,AT5G36180.1,,,,,
,,AT1G62480.1,,,,,
,,AT4G22233.1,,,,,
,,AT5G04140.1,,,,,
,,AT5G20110.1,,,,,
,,AT1G22550.1,,,,,
,,AT4G36380.1,,,,,
,,AT3G20820.1,,,,,
,,AT4G03280.1,,,,,
,,AT4G05590.2,,,,,
,,AT2G18650.1,,,,,
,,AT1G72510.1,,,,,
,,AT4G12330.1,,,,,
,,AT2G31920.1,,,,,
,,AT5G11540.1,,,,,
,,AT4G03280.2,,,,,
,,AT1G05230.3,,,,,
,,AT5G66790.1,,,,,
,,AT3G55950.1,,,,,
,,AT2G42220.1,,,,,
,,AT4G19530.1,,,,,
,,AT2G37440.1,,,,,
,,AT1G43790.1,,,,,
,,AT1G65845.1,,,,,
,,AT1G28130.1,,,,,
,,AT3G23730.1,,,,,
,,AT5G51110.2,,,,,
,,AT1G73885.1,,,,,
,,AT1G13260.1,,,,,
,,AT1G10120.1,,,,,
,,AT4G33740.1,,,,,
,,AT4G21850.2,,,,,
,,AT4G33740.2,,,,,
,,AT2G39410.2,,,,,
,,AT4G10060.1,,,,,
,,AT3G30350.1,,,,,
,,AT5G07190.1,,,,,
,,AT3G30350.2,,,,,
,,AT1G05230.1,,,,,
,,AT3G20935.1,,,,,
,,AT4G37940.1,,,,,
,,AT5G02180.1,,,,,
,,AT4G01930.1,,,,,
,,AT5G51110.1,,,,,
,,AT1G80325.1,,,,,
,,AT2G46220.1,,,,,
,,AT3G09910.2,,,,,
,,AT3G09910.3,,,,,
,,AT3G09910.1,,,,,
,,AT3G02910.1,,,,,
,,AT5G60100.2,,,,,
,,AT4G15233.2,,,,,
,,AT5G20050.1,,,,,
,,AT5G40890.1,,,,,
,,AT5G60100.1,,,,,
,,AT5G19740.1,,,,,
,,ATCG00690.1,,,,,
,,AT1G34670.1,,,,,
,,AT2G36490.1,,,,,
,,AT5G12940.1,,,,,
,,AT3G11550.1,,,,,
,,AT4G02090.1,,,,,
,,AT4G39640.1,,,,,
,,AT1G14290.1,,,,,
,,AT2G40260.1,,,,,
,,AT2G47270.1,,,,,
,,AT5G60100.3,,,,,
,,AT4G17220.1,,,,,
,,ATCG00430.1,,,,,
,,AT3G16180.1,,,,,
,,AT1G08115.1,,,,,
,,AT3G56410.2,,,,,
,,AT5G28770.3,,,,,
,,AT5G28770.2,,,,,
,,AT1G09540.1,,,,,
,,AT5G24580.1,,,,,
,,AT5G40890.2,,,,,
,,AT3G18170.1,,,,,
,,AT4G21850.1,,,,,
,,AT5G24230.1,,,,,
,,AT5G62130.1,,,,,
,,AT5G24580.2,,,,,
,,AT5G24580.3,,,,,
,,AT5G24105.1,,,,,
,,AT3G21260.1,,,,,
,,AT1G61050.1,,,,,
,,AT2G28720.1,,,,,
,,AT5G09980.1,,,,,
,,AT1G20190.1,,,,,
,,AT3G10520.1,,,,,
,,AT5G45440.1,,,,,
,,AT3G56410.1,,,,,
,,AT1G29025.1,,,,,
,,AT5G28770.1,,,,,
,,AT1G45474.1,,,,,
,,AT2G41190.1,,,,,
,,AT1G56010.2,,,,,
,,ATMG00120.1,,,,,
,,AT3G21260.2,,,,,
,,AT1G05230.4,,,,,
,,AT1G27660.1,,,,,
,,ATMG00285.1,,,,,
,,AT5G07190.2,,,,,
,,AT4G05590.1,,,,,
,,AT4G22235.2,,,,,
,,AT2G03810.1,,,,,
,,AT4G22235.1,,,,,
,,AT5G49900.1,,,,,
,,AT1G70850.3,,,,,
,,AT1G69252.2,,,,,
,,AT3G43960.1,,,,,
,,AT4G39640.2,,,,,
,,AT2G21840.1,,,,,
,,AT3G47210.1,,,,,
,,AT3G13770.1,,,,,
,,AT1G05230.2,,,,,
,,AT4G01680.3,,,,,
,,AT2G06850.1,,,,,
,,AT3G20083.1,,,,,
,,AT2G44740.1,,,,,
,,AT3G01290.1,,,,,
,,AT1G68440.1,,,,,
,,AT1G80180.1,,,,,
,,AT2G26530.1,,,,,
,,AT1G69526.3,,,,,
,,AT4G01680.2,,,,,
,,AT1G61740.1,,,,,
,,AT4G01680.1,,,,,
,,AT3G19030.1,,,,,
,,AT1G47480.1,,,,,
,,AT3G56290.1,,,,,
,,AT2G02080.1,,,,,
,,AT2G02080.2,,,,,
,,AT5G48412.1,,,,,
,,AT2G01520.1,,,,,
,,AT5G22940.1,,,,,
,,AT2G15620.1,,,,,
,,AT4G04955.1,,,,,
,,AT5G67310.1,,,,,
,,AT4G20040.1,,,,,
,,AT2G26530.2,,,,,
,,AT1G45474.2,,,,,
,,AT2G37440.2,,,,,
,,AT5G16030.1,,,,,
,,AT2G03810.3,,,,,
,,AT5G52250.1,,,,,
,,AT2G03810.4,,,,,
,,AT3G49760.1,,,,,
,,ATMG00310.1,,,,,
,,ATMG00320.1,,,,,
,,ATMG00330.1,,,,,
,,ATMG00410.1,,,,,
,,ATMG00300.1,,,,,
,,ATMG00470.1,,,,,
,,ATMG00340.1,,,,,
,,AT1G21910.1,,,,,
,,ATMG00350.1,,,,,
,,ATMG00360.1,,,,,
,,ATMG00420.1,,,,,
,,ATMG00430.1,,,,,
,,ATMG00460.1,,,,,
,,ATMG00370.1,,,,,
,,ATMG00440.1,,,,,
,,ATMG00390.1,,,,,
,,ATMG00400.1,,,,,
,,AT4G08930.1,,,,,
,,AT5G54090.1,,,,,
,,ATMG00130.1,,,,,
,,AT2G30840.1,,,,,
,,AT4G11050.1,,,,,
,,AT5G50740.1,,,,,
,,AT2G04500.1,,,,,
,,ATMG00150.1,,,,,
,,AT5G50740.3,,,,,
,,AT2G17650.1,,,,,
,,AT5G56980.1,,,,,
,,AT2G39450.1,,,,,
,,AT1G27210.1,,,,,
,,AT5G04960.1,,,,,
,,AT1G52870.2,,,,,
,,AT3G16850.1,,,,,
,,AT5G45490.2,,,,,
,,AT2G03810.2,,,,,
,,AT1G28130.2,,,,,
,,AT3G45840.1,,,,,
,,AT5G57655.1,,,,,
,,AT3G48115.2,,,,,
,,AT3G20130.1,,,,,
,,AT3G20130.2,,,,,
,,AT4G01720.1,,,,,
,,ATMG00450.1,,,,,
,,AT2G38390.1,,,,,
,,AT5G62130.2,,,,,
,,AT2G20515.1,,,,,
,,AT1G73310.1,,,,,
,,AT5G57655.2,,,,,
,,AT5G07580.1,,,,,
,,AT1G23000.1,,,,,
,,AT1G22330.1,,,,,
,,AT2G17710.1,,,,,
,,AT1G03920.1,,,,,
,,AT1G73600.2,,,,,
,,AT5G45490.1,,,,,
,,AT2G39430.1,,,,,
,,ATMG00290.1,,,,,
,,ATCG00400.1,,,,,
,,AT1G56010.1,,,,,
,,AT2G16365.3,,,,,
,,AT3G17210.1,,,,,
,,AT2G16365.1,,,,,
,,AT4G38470.1,,,,,
,,AT2G16365.4,,,,,
,,AT5G40510.1,,,,,
,,AT4G26320.1,,,,,
,,ATCG00420.1,,,,,
,,AT1G44970.1,,,,,
,,AT1G73600.1,,,,,
,,AT1G73602.1,,,,,
,,ATCG00580.1,,,,,
,,AT2G44500.1,,,,,
,,AT5G10720.1,,,,,
,,AT2G16365.2,,,,,
,,AT2G44500.2,,,,,
,,AT1G63050.1,,,,,
,,AT3G15450.1,,,,,
,,AT3G15450.3,,,,,
