Col_Root_268_Up,CAX22_Root_224_Up,CAX23_Root_2712_Up,CAX23_Root_785_Down,CAX22_Root_142_Down,Col_Root_555_Down
AT1G01180,AT1G02470,AT1G01030,AT1G01070,AT1G03340,AT1G01070
AT1G02340,AT1G03130,AT1G01080,AT1G01300,AT1G05310,AT1G01470
AT1G03710,AT1G06360,AT1G01140,AT1G01470,AT1G05680,AT1G01600
AT1G04350,AT1G07180,AT1G01180,AT1G01720,AT1G12110,AT1G01680
AT1G05835,AT1G08380,AT1G01320,AT1G02730,AT1G12600,AT1G02220
AT1G07550,AT1G09310,AT1G01340,AT1G02770,AT1G17170,AT1G02520
AT1G08430,AT1G12340,AT1G01390,AT1G02850,AT1G19960,AT1G02530
AT1G08830,AT1G12900,AT1G01430,AT1G03040,AT1G22710,AT1G02850
AT1G09750,AT1G13650,AT1G01490,AT1G03230,AT1G23060,AT1G02920
AT1G10120,AT1G14150,AT1G01780,AT1G03620,AT1G23140,AT1G02930
AT1G10640,AT1G15980,AT1G01820,AT1G03820,AT1G26380,AT1G04310
AT1G11740,AT1G18730,AT1G02305,AT1G04180,AT1G26390,AT1G04770
AT1G12110,AT1G18810,AT1G02340,AT1G04310,AT1G28640,AT1G05650
AT1G13080,AT1G19150,AT1G02610,AT1G04330,AT1G28650,AT1G05680
AT1G13300,AT1G19670,AT1G02820,AT1G04680,AT1G32350,AT1G05880
AT1G13430,AT1G20020,AT1G02910,AT1G05370,AT1G35310,AT1G06080
AT1G14290,AT1G20340,AT1G03130,AT1G05650,AT1G44100,AT1G06830
AT1G16930,AT1G21500,AT1G03340,AT1G05680,AT1G47960,AT1G08050
AT1G17300,AT1G22590,AT1G03400,AT1G06170,AT1G48260,AT1G08090
AT1G20840,AT1G22690,AT1G03457,AT1G06830,AT1G51340,AT1G08650
AT1G21100,AT1G23130,AT1G03600,AT1G07090,AT1G51420,AT1G09935
AT1G22160,AT1G24148,AT1G03630,AT1G07260,AT1G52343,AT1G11080
AT1G22500,AT1G25440,AT1G03660,AT1G07640,AT1G53480,AT1G11330
AT1G22590,AT1G29670,AT1G03680,AT1G07880,AT1G55920,AT1G12030
AT1G23050,AT1G29720,AT1G03740,AT1G07930,AT1G59725,AT1G12200
AT1G23052,AT1G29910,AT1G03850,AT1G08090,AT1G60730,AT1G12320
AT1G23060,AT1G29920,AT1G04110,AT1G08160,AT1G62300,AT1G17170
AT1G27020,AT1G29930,AT1G04350,AT1G08290,AT1G63530,AT1G17180
AT1G27660,AT1G30380,AT1G04420,AT1G09420,AT1G66200,AT1G17710
AT1G29440,AT1G31330,AT1G04640,AT1G09421,AT1G67980,AT1G17830
AT1G29460,AT1G31580,AT1G05010,AT1G09960,AT1G69930,AT1G18970
AT1G30260,AT1G31690,AT1G05140,AT1G10480,AT1G71140,AT1G19960
AT1G30270,AT1G32060,AT1G05190,AT1G10640,AT1G73630,AT1G21130
AT1G33811,AT1G32080,AT1G05200,AT1G11080,AT1G75820,AT1G21140
AT1G45015,AT1G51805,AT1G05230,AT1G11125,AT1G76520,AT1G21240
AT1G45616,AT1G52230,AT1G05310,AT1G11450,AT1G76680,AT1G21320
AT1G49240,AT1G54820,AT1G05320,AT1G11730,AT1G76690,AT1G22150
AT1G49975,AT1G55670,AT1G05385,AT1G11840,AT2G02010,AT1G22885
AT1G51270,AT1G56510,AT1G05570,AT1G12200,AT2G15440,AT1G23380
AT1G51830,AT1G56520,AT1G05700,AT1G12380,AT2G19900,AT1G23530
AT1G51840,AT1G61520,AT1G06050,AT1G12490,AT2G20960,AT1G23550
AT1G51870,AT1G62630,AT1G06090,AT1G13050,AT2G21060,AT1G23730
AT1G52070,AT1G63360,AT1G06120,AT1G13070,AT2G23170,AT1G24575
AT1G57590,AT1G65190,AT1G06360,AT1G13330,AT2G30750,AT1G25530
AT1G61560,AT1G65800,AT1G06460,AT1G14630,AT2G41730,AT1G26240
AT1G62422,AT1G66940,AT1G06510,AT1G14640,AT2G43510,AT1G26250
AT1G62510,AT1G66970,AT1G06680,AT1G14730,AT2G43820,AT1G26380
AT1G62760,AT1G67090,AT1G07000,AT1G15950,AT2G45840,AT1G26390
AT1G64380,AT1G68520,AT1G07010,AT1G16070,AT3G04030,AT1G26410
AT1G65390,AT1G68600,AT1G07050,AT1G16530,AT3G10710,AT1G26420
AT1G66940,AT1G68780,AT1G07180,AT1G16610,AT3G11680,AT1G28010
AT1G68190,AT1G70820,AT1G07280,AT1G17170,AT3G11920,AT1G29100
AT1G69570,AT1G71280,AT1G07320,AT1G17180,AT3G12203,AT1G29290
AT1G69572,AT1G72600,AT1G07440,AT1G17480,AT3G14060,AT1G29730
AT1G70840,AT1G72610,AT1G07450,AT1G17590,AT3G14620,AT1G29740
AT1G72510,AT1G73830,AT1G07550,AT1G17830,AT3G16600,AT1G30730
AT1G73310,AT1G75460,AT1G07560,AT1G18250,AT3G20470,AT1G31580
AT1G75440,AT1G75690,AT1G07590,AT1G18670,AT3G21260,AT1G32350
AT1G76620,AT1G76100,AT1G07600,AT1G18870,AT3G25240,AT1G32940
AT1G77760,AT1G77210,AT1G07620,AT1G19300,AT3G25730,AT1G33030
AT1G77990,AT1G80130,AT1G07650,AT1G19330,AT3G44860,AT1G33612
AT1G77992,AT2G03550,AT1G07700,AT1G19550,AT3G47380,AT1G33790
AT1G78460,AT2G03750,AT1G07720,AT1G19560,AT3G47750,AT1G35310
AT1G78970,AT2G04039,AT1G08320,AT1G19570,AT3G49115,AT1G36370
AT1G80240,AT2G05070,AT1G08380,AT1G19790,AT3G50740,AT1G44130
AT1G80380,AT2G05100,AT1G08430,AT1G19850,AT3G53150,AT1G47960
AT1G80830,AT2G07664,AT1G08465,AT1G20823,AT3G60120,AT1G48000
AT2G01180,AT2G07669,AT1G08520,AT1G20930,AT3G63110,AT1G48800
AT2G01940,AT2G07675,AT1G08540,AT1G20990,AT4G00780,AT1G49470
AT2G02450,AT2G07685,AT1G08550,AT1G21140,AT4G01600,AT1G49750
AT2G02950,AT2G10940,AT1G08670,AT1G22150,AT4G02280,AT1G49920
AT2G03710,AT2G13360,AT1G08800,AT1G22885,AT4G06498,AT1G51420
AT2G06925,AT2G14560,AT1G08810,AT1G23380,AT4G07960,AT1G51805
AT2G10940,AT2G15040,AT1G08900,AT1G25530,AT4G08230,AT1G52343
AT2G11280,AT2G15050,AT1G08930,AT1G26240,AT4G13180,AT1G52700
AT2G13910,AT2G17780,AT1G08980,AT1G26390,AT4G15270,AT1G53625
AT2G14210,AT2G20570,AT1G09155,AT1G26730,AT4G15320,AT1G54575
AT2G16365,AT2G22990,AT1G09170,AT1G27620,AT4G16190,AT1G55260
AT2G16380,AT2G25510,AT1G09240,AT1G28395,AT4G19840,AT1G56150
AT2G18270,AT2G27385,AT1G09310,AT1G29160,AT4G22590,AT1G56430
AT2G21540,AT2G29290,AT1G09340,AT1G29290,AT4G22592,AT1G56580
AT2G22980,AT2G29300,AT1G10060,AT1G29380,AT4G23030,AT1G56600
AT2G27360,AT2G29310,AT1G10120,AT1G29520,AT4G27290,AT1G58320
AT2G28270,AT2G30570,AT1G10150,AT1G29860,AT4G31970,AT1G60470
AT2G29010,AT2G34430,AT1G10340,AT1G30490,AT4G34131,AT1G60730
AT2G29320,AT2G35370,AT1G10657,AT1G30515,AT4G34135,AT1G60750
AT2G31083,AT2G36750,AT1G11180,AT1G30600,AT4G36280,AT1G61130
AT2G31085,AT2G36790,AT1G11190,AT1G31320,AT4G36410,AT1G61580
AT2G31585,AT2G36792,AT1G11210,AT1G31335,AT4G36570,AT1G62170
AT2G32530,AT2G37025,AT1G11310,AT1G31770,AT4G37030,AT1G62180
AT2G33790,AT2G38540,AT1G11350,AT1G32240,AT5G02600,AT1G62290
AT2G33810,AT2G39730,AT1G11440,AT1G32350,AT5G04950,AT1G62420
AT2G33815,AT2G41090,AT1G11530,AT1G33440,AT5G06860,AT1G63310
AT2G33880,AT2G41940,AT1G11540,AT1G33612,AT5G06865,AT1G63560
AT2G34350,AT2G44920,AT1G11655,AT1G35780,AT5G14730,AT1G63750
AT2G34960,AT2G45180,AT1G11720,AT1G36180,AT5G16980,AT1G63820
AT2G35910,AT3G01500,AT1G11740,AT1G44800,AT5G22090,AT1G64370
AT2G36110,AT3G04210,AT1G11850,AT1G46480,AT5G23790,AT1G64950
AT2G36490,AT3G04290,AT1G11860,AT1G47960,AT5G28520,AT1G65481
AT2G36500,AT3G05727,AT1G12110,AT1G48100,AT5G36220,AT1G65485
AT2G36830,AT3G05730,AT1G12250,AT1G48660,AT5G38940,AT1G65500
AT2G37130,AT3G06880,AT1G12520,AT1G48750,AT5G46730,AT1G65790
AT2G37180,AT3G08940,AT1G12570,AT1G48800,AT5G47550,AT1G65800
AT2G38400,AT3G11110,AT1G12800,AT1G49470,AT5G57350,AT1G65810
AT2G39010,AT3G14210,AT1G12845,AT1G49570,AT5G61820,AT1G66783
AT2G39450,AT3G14420,AT1G12860,AT1G50240,AT5G64240,AT1G66970
AT2G41190,AT3G15840,AT1G12900,AT1G50400,AT5G64810,AT1G67270
AT2G42540,AT3G16130,AT1G13080,AT1G52140,AT5G67060,AT1G67800
AT2G43600,AT3G16140,AT1G13100,AT1G52560,AT1G29440,AT1G67810
AT2G44500,AT3G16250,AT1G13110,AT1G53480,AT1G33811,AT1G67980
AT3G02910,AT3G16660,AT1G13210,AT1G54200,AT1G54040,AT1G68390
AT3G04110,AT3G16670,AT1G13245,AT1G54660,AT1G66100,AT1G68470
AT3G05900,AT3G19850,AT1G13260,AT1G55210,AT2G05080,AT1G68530
AT3G05905,AT3G20220,AT1G13300,AT1G55610,AT2G05082,AT1G68740
AT3G06070,AT3G21055,AT1G13650,AT1G56600,AT2G05084,AT1G68880
AT3G07010,AT3G26180,AT1G13820,AT1G58007,AT2G05087,AT1G69530
AT3G09020,AT3G26280,AT1G13970,AT1G58170,AT2G05090,AT1G69920
AT3G10870,AT3G26320,AT1G14070,AT1G59660,AT2G14610,AT1G69930
AT3G13950,AT3G26740,AT1G14150,AT1G59740,AT2G26580,AT1G71140
AT3G14210,AT3G26960,AT1G14250,AT1G60030,AT2G29170,AT1G71880
AT3G14850,AT3G27690,AT1G14270,AT1G60470,AT2G36780,AT1G72680
AT3G15115,AT3G28070,AT1G14280,AT1G60730,AT2G36792,AT1G72890
AT3G16180,AT3G28080,AT1G14345,AT1G61130,AT2G45190,AT1G72900
AT3G16240,AT3G28220,AT1G14370,AT1G61580,AT2G47880,AT1G72930
AT3G16530,AT3G29030,AT1G14430,AT1G61600,AT3G21950,AT1G73220
AT3G16850,AT3G45140,AT1G14440,AT1G62540,AT3G24140,AT1G73630
AT3G17510,AT3G46780,AT1G14520,AT1G62710,AT3G28270,AT1G73830
AT3G19430,AT3G47250,AT1G14580,AT1G64370,AT3G51810,AT1G74458
AT3G21260,AT3G47470,AT1G14600,AT1G64390,AT4G13410,AT1G74590
AT3G23510,AT3G48200,AT1G15125,AT1G64450,AT4G23200,AT1G75280
AT3G23730,AT3G48310,AT1G15180,AT1G64625,AT4G28780,AT1G75820
AT3G25790,AT3G48420,AT1G15350,AT1G64660,AT4G35810,AT1G76410
AT3G26040,AT3G48720,AT1G15400,AT1G65150,AT5G10250,AT1G76520
AT3G26290,AT3G53280,AT1G15540,AT1G65910,AT5G28030,AT1G76680
AT3G26300,AT3G54050,AT1G15640,AT1G67270,AT5G35480,AT1G76690
AT3G26520,AT3G54830,AT1G15670,AT1G67810,AT5G39210,AT1G76800
AT3G28160,AT3G54890,AT1G15730,AT1G68360,AT5G45830,AT1G77380
AT3G28170,AT3G55240,AT1G15740,AT1G68470,AT5G48490,AT1G77450
AT3G28345,AT3G55800,AT1G15820,AT1G68740,AT5G50790,AT1G78060
AT3G29767,AT3G59060,AT1G15890,AT1G69230,AT5G60970,AT1G78320
AT3G30720,AT3G61470,AT1G15980,AT1G70710,AT5G61120,AT1G78340
AT3G44705,AT3G62550,AT1G15990,AT1G71880,AT5G64770,AT1G78380
AT3G45650,AT3G63140,AT1G16110,AT1G71960,,AT1G79160
AT3G47040,AT3G63160,AT1G16170,AT1G72680,,AT1G79430
AT3G48740,AT4G00180,AT1G16260,AT1G73040,,AT1G79470
AT3G50120,AT4G00970,AT1G16410,AT1G73220,,AT2G02010
AT3G50280,AT4G02770,AT1G16515,AT1G73630,,AT2G02100
AT3G51910,AT4G05180,AT1G16670,AT1G73850,,AT2G03550
AT3G52060,AT4G08870,AT1G16720,AT1G73880,,AT2G04040
AT3G53420,AT4G09350,AT1G16880,AT1G75280,,AT2G04460
AT3G56000,AT4G10340,AT1G16930,AT1G75290,,AT2G05380
AT3G57520,AT4G11900,AT1G17060,AT1G75388,,AT2G05441
AT3G57920,AT4G12320,AT1G17090,AT1G75390,,AT2G05510
AT3G60520,AT4G12800,AT1G17147,AT1G75500,,AT2G05520
AT3G61060,AT4G13500,AT1G17200,AT1G76410,,AT2G12480
AT3G61430,AT4G13810,AT1G17220,AT1G76680,,AT2G15220
AT4G02780,AT4G15620,AT1G17250,AT1G76690,,AT2G15490
AT4G04750,AT4G16880,AT1G17300,AT1G76952,,AT2G16050
AT4G04840,AT4G16990,AT1G17340,AT1G77380,,AT2G16630
AT4G05150,AT4G17245,AT1G17420,AT1G77400,,AT2G16740
AT4G09430,AT4G17810,AT1G17455,AT1G77450,,AT2G17040
AT4G09432,AT4G18970,AT1G17600,AT1G78060,,AT2G19500
AT4G10770,AT4G19430,AT1G17610,AT1G78320,,AT2G19900
AT4G12430,AT4G19530,AT1G17840,AT1G78480,,AT2G23960
AT4G12432,AT4G21280,AT1G17970,AT1G78780,,AT2G24180
AT4G12550,AT4G21445,AT1G18060,AT1G79430,,AT2G24720
AT4G12690,AT4G22490,AT1G18170,AT1G79470,,AT2G24762
AT4G14130,AT4G22510,AT1G18270,AT1G79520,,AT2G25440
AT4G16990,AT4G23240,AT1G18382,AT1G80530,,AT2G25510
AT4G17340,AT4G23290,AT1G18390,AT2G01008,,AT2G25625
AT4G18197,AT4G23300,AT1G18400,AT2G01080,,AT2G25737
AT4G18205,AT4G23600,AT1G18620,AT2G01340,,AT2G26400
AT4G22753,AT4G25990,AT1G18730,AT2G01610,,AT2G26560
AT4G23400,AT4G26530,AT1G18735,AT2G01660,,AT2G26580
AT4G23870,AT4G28750,AT1G18810,AT2G01913,,AT2G27270
AT4G25830,AT4G37860,AT1G18910,AT2G01990,,AT2G28570
AT4G26255,AT4G37925,AT1G18940,AT2G02100,,AT2G28580
AT4G27710,AT4G37980,AT1G19150,AT2G02120,,AT2G29220
AT4G27740,AT4G38840,AT1G19390,AT2G03090,,AT2G29250
AT4G28410,AT4G38860,AT1G19400,AT2G03500,,AT2G29350
AT4G28900,AT5G03120,AT1G19450,AT2G04460,,AT2G29420
AT4G29905,AT5G04140,AT1G19650,AT2G05440,,AT2G29480
AT4G30060,AT5G04530,AT1G19660,AT2G05441,,AT2G29490
AT4G30180,AT5G09660,AT1G19670,AT2G05510,,AT2G29500
AT4G30270,AT5G13730,AT1G19720,AT2G07599,,AT2G30140
AT4G30670,AT5G15780,AT1G20020,AT2G07674,,AT2G30540
AT4G32460,AT5G20630,AT1G20190,AT2G07709,,AT2G30660
AT4G33740,AT5G21430,AT1G20340,AT2G07717,,AT2G30670
AT4G34650,AT5G24210,AT1G20400,AT2G07732,,AT2G30750
AT4G34930,AT5G24940,AT1G20810,AT2G07808,,AT2G30770
AT4G36220,AT5G25040,AT1G20840,AT2G07830,,AT2G31180
AT4G36670,AT5G25980,AT1G21100,AT2G10440,,AT2G31230
AT4G36870,AT5G26000,AT1G21130,AT2G15000,,AT2G32487
AT4G37160,AT5G27360,AT1G21210,AT2G15490,,AT2G32860
AT4G37235,AT5G33370,AT1G21250,AT2G16740,,AT2G32960
AT4G37240,AT5G35777,AT1G21270,AT2G16850,,AT2G33710
AT4G40060,AT5G36910,AT1G21400,AT2G16960,,AT2G36770
AT4G40065,AT5G38410,AT1G21500,AT2G18150,,AT2G36780
AT4G40070,AT5G38420,AT1G21680,AT2G18470,,AT2G36970
AT5G05320,AT5G38430,AT1G21830,AT2G18480,,AT2G37460
AT5G06330,AT5G42530,AT1G21920,AT2G18500,,AT2G37760
AT5G06690,AT5G44580,AT1G22070,AT2G18600,,AT2G37770
AT5G07560,AT5G45680,AT1G22160,AT2G19500,,AT2G37900
AT5G07570,AT5G45820,AT1G22250,AT2G20850,,AT2G38600
AT5G07571,AT5G45950,AT1G22370,AT2G22240,,AT2G38920
AT5G07572,AT5G46200,AT1G22430,AT2G24762,,AT2G38995
AT5G07990,AT5G46880,AT1G22500,AT2G24940,,AT2G39400
AT5G08000,AT5G47380,AT1G22530,AT2G24945,,AT2G39510
AT5G10570,AT5G49730,AT1G22550,AT2G25060,,AT2G39530
AT5G11610,AT5G49740,AT1G22570,AT2G25737,,AT2G39980
AT5G11670,AT5G51720,AT1G22590,AT2G25790,,AT2G40340
AT5G13130,AT5G53490,AT1G22630,AT2G26040,,AT2G40390
AT5G17720,AT5G54270,AT1G22690,AT2G26150,,AT2G40750
AT5G22580,AT5G54630,AT1G22740,AT2G26400,,AT2G41730
AT5G22890,AT5G58390,AT1G22750,AT2G27270,,AT2G41800
AT5G23660,AT5G59130,AT1G22850,AT2G27550,,AT2G41810
AT5G23870,AT5G60470,AT1G22890,AT2G28140,,AT2G42840
AT5G23980,AT5G60880,AT1G22900,AT2G28570,,AT2G43140
AT5G25460,AT5G61520,AT1G23030,AT2G29220,,AT2G43470
AT5G26270,AT5G63180,AT1G23050,AT2G29500,,AT2G43500
AT5G27200,AT5G64040,AT1G23052,AT2G30540,,AT2G43510
AT5G27920,AT5G65730,AT1G23060,AT2G30660,,AT2G43570
AT5G27930,ATCG00490,AT1G23090,AT2G30670,,AT2G43620
AT5G35370,ATCG01250,AT1G23140,AT2G30750,,AT2G43890
AT5G36940,,AT1G23149,AT2G31160,,AT2G43920
AT5G38100,,AT1G23150,AT2G31180,,AT2G44070
AT5G39000,,AT1G23310,AT2G32860,,AT2G44080
AT5G39020,,AT1G23390,AT2G32960,,AT2G44290
AT5G40890,,AT1G23400,AT2G32990,,AT2G44460
AT5G41050,,AT1G23440,AT2G33020,,AT2G44940
AT5G42250,,AT1G23480,AT2G33620,,AT2G45550
AT5G43770,,AT1G23740,AT2G33710,,AT2G45760
AT5G43780,,AT1G23870,AT2G34210,,AT2G46495
AT5G44020,,AT1G24020,AT2G34650,,AT2G46630
AT5G44130,,AT1G24148,AT2G34710,,AT2G46660
AT5G44574,,AT1G24260,AT2G35150,,AT2G47550
AT5G44680,,AT1G24400,AT2G36570,,AT2G48090
AT5G45120,,AT1G24420,AT2G36660,,AT3G01670
AT5G45850,,AT1G24440,AT2G36870,,AT3G01680
AT5G46880,,AT1G24530,AT2G37460,,AT3G01970
AT5G47450,,AT1G24620,AT2G37590,,AT3G02040
AT5G47550,,AT1G25054,AT2G37760,,AT3G03670
AT5G47560,,AT1G25230,AT2G37770,,AT3G04030
AT5G47900,,AT1G25440,AT2G37790,,AT3G04210
AT5G48412,,AT1G25450,AT2G37900,,AT3G04720
AT5G48880,,AT1G25460,AT2G38600,,AT3G05400
AT5G49900,,AT1G25480,AT2G39220,,AT3G05630
AT5G50760,,AT1G25550,AT2G39230,,AT3G05690
AT5G51870,,AT1G26440,AT2G39350,,AT3G05770
AT5G52250,,AT1G26670,AT2G39510,,AT3G05950
AT5G52260,,AT1G26761,AT2G39700,,AT3G06020
AT5G52790,,AT1G26800,AT2G39800,,AT3G06490
AT5G53190,,AT1G26960,AT2G39870,,AT3G07720
AT5G54090,,AT1G27020,AT2G40130,,AT3G08040
AT5G54148,,AT1G27180,AT2G40390,,AT3G08860
AT5G55050,,AT1G27210,AT2G40480,,AT3G09680
AT5G56100,,AT1G27290,AT2G40900,,AT3G09922
AT5G56795,,AT1G27480,AT2G41300,,AT3G10720
AT5G59260,,AT1G27940,AT2G41370,,AT3G12220
AT5G60910,,AT1G28130,AT2G41800,,AT3G12520
AT5G63160,,AT1G28140,AT2G41810,,AT3G12580
AT5G64260,,AT1G28150,AT2G43800,,AT3G12915
AT5G65340,,AT1G28230,AT2G43890,,AT3G13080
AT5G65730,,AT1G28330,AT2G44300,,AT3G13090
AT5G65925,,AT1G28380,AT2G44460,,AT3G14620
AT5G66052,,AT1G28600,AT2G44690,,AT3G14990
AT5G66790,,AT1G28660,AT2G44830,,AT3G15500
AT5G67390,,AT1G29070,AT2G44940,,AT3G15990
,,AT1G29179,AT2G46535,,AT3G16360
,,AT1G29180,AT2G46590,,AT3G16650
,,AT1G29240,AT2G46630,,AT3G16770
,,AT1G29395,AT2G46660,,AT3G17790
,,AT1G29430,AT2G47010,,AT3G20360
,,AT1G29440,AT2G47180,,AT3G21080
,,AT1G29450,AT2G47560,,AT3G21351
,,AT1G29460,AT2G47680,,AT3G21352
,,AT1G29500,AT2G47730,,AT3G21370
,,AT1G29510,AT2G47860,,AT3G21600
,,AT1G29660,AT2G48090,,AT3G21720
,,AT1G29670,AT3G01600,,AT3G21781
,,AT1G29680,AT3G01670,,AT3G22370
,,AT1G29720,AT3G01680,,AT3G22550
,,AT1G29760,AT3G01870,,AT3G23120
,,AT1G29910,AT3G01950,,AT3G23150
,,AT1G29920,AT3G01990,,AT3G23560
,,AT1G29930,AT3G02120,,AT3G25190
,,AT1G29970,AT3G02870,,AT3G25240
,,AT1G30110,AT3G03270,,AT3G25570
,,AT1G30210,AT3G04030,,AT3G25572
,,AT1G30220,AT3G04220,,AT3G25730
,,AT1G30260,AT3G04230,,AT3G26180
,,AT1G30270,AT3G04630,,AT3G26200
,,AT1G30370,AT3G06020,,AT3G26220
,,AT1G30380,AT3G06140,,AT3G26230
,,AT1G30390,AT3G06435,,AT3G26820
,,AT1G30520,AT3G07540,,AT3G26960
,,AT1G30640,AT3G08040,,AT3G27150
,,AT1G30755,AT3G08690,,AT3G27950
,,AT1G30900,AT3G08700,,AT3G28070
,,AT1G31170,AT3G09070,,AT3G28080
,,AT1G31173,AT3G09540,,AT3G28510
,,AT1G31330,AT3G09680,,AT3G28580
,,AT1G31540,AT3G09922,,AT3G28600
,,AT1G31580,AT3G10120,,AT3G29670
,,AT1G31690,AT3G11650,,AT3G44300
,,AT1G31885,AT3G12502,,AT3G44970
,,AT1G31920,AT3G12520,,AT3G47380
,,AT1G31935,AT3G12580,,AT3G47420
,,AT1G32060,AT3G12730,,AT3G47480
,,AT1G32070,AT3G13080,,AT3G47510
,,AT1G32080,AT3G13784,,AT3G47540
,,AT1G32160,AT3G14310,,AT3G48460
,,AT1G32220,AT3G14570,,AT3G48640
,,AT1G32410,AT3G14810,,AT3G48850
,,AT1G32470,AT3G14990,,AT3G49570
,,AT1G32520,AT3G15000,,AT3G49580
,,AT1G32540,AT3G15650,,AT3G50610
,,AT1G32550,AT3G15680,,AT3G51895
,,AT1G32690,AT3G15990,,AT3G52340
,,AT1G32700,AT3G16330,,AT3G53150
,,AT1G32780,AT3G16360,,AT3G53230
,,AT1G32900,AT3G16470,,AT3G53280
,,AT1G32990,AT3G16650,,AT3G54420
,,AT1G33240,AT3G17110,,AT3G56240
,,AT1G33600,AT3G17998,,AT3G56400
,,AT1G33720,AT3G18000,,AT3G58740
,,AT1G33811,AT3G18280,,AT3G59140
,,AT1G33817,AT3G18900,,AT3G59900
,,AT1G33930,AT3G20360,,AT3G60120
,,AT1G33960,AT3G20570,,AT3G60140
,,AT1G33990,AT3G20640,,AT3G60270
,,AT1G34000,AT3G21600,,AT3G60420
,,AT1G34044,AT3G21720,,AT3G60470
,,AT1G34050,AT3G22550,,AT3G60490
,,AT1G34060,AT3G22810,,AT3G62090
,,AT1G34245,AT3G23150,,AT4G00050
,,AT1G34315,AT3G23290,,AT4G00390
,,AT1G34750,AT3G24770,,AT4G00670
,,AT1G34760,AT3G25130,,AT4G00780
,,AT1G35350,AT3G25190,,AT4G01060
,,AT1G35420,AT3G25550,,AT4G01380
,,AT1G35670,AT3G25560,,AT4G01390
,,AT1G35680,AT3G25570,,AT4G01430
,,AT1G42550,AT3G25572,,AT4G01440
,,AT1G42970,AT3G25730,,AT4G01630
,,AT1G43140,AT3G25870,,AT4G01700
,,AT1G43560,AT3G26840,,AT4G01870
,,AT1G43670,AT3G27400,,AT4G01970
,,AT1G43675,AT3G28510,,AT4G02280
,,AT1G43790,AT3G28580,,AT4G03960
,,AT1G44000,AT3G30725,,AT4G04610
,,AT1G44030,AT3G33528,,AT4G04620
,,AT1G44050,AT3G42047,,AT4G04700
,,AT1G44446,AT3G42658,,AT4G04710
,,AT1G44575,AT3G43190,,AT4G04810
,,AT1G44770,AT3G43270,,AT4G04830
,,AT1G44920,AT3G44300,,AT4G04890
,,AT1G45010,AT3G44720,,AT4G07960
,,AT1G45015,AT3G44940,,AT4G08570
,,AT1G45020,AT3G45680,,AT4G10500
,,AT1G45030,AT3G47380,,AT4G11170
,,AT1G45474,AT3G47420,,AT4G11650
,,AT1G45545,AT3G47510,,AT4G12970
,,AT1G45616,AT3G47540,,AT4G13180
,,AT1G47128,AT3G48440,,AT4G13260
,,AT1G47440,AT3G48770,,AT4G13495
,,AT1G47520,AT3G49570,,AT4G13500
,,AT1G48260,AT3G49580,,AT4G13572
,,AT1G48350,AT3G50410,,AT4G13810
,,AT1G48500,AT3G50610,,AT4G14020
,,AT1G48745,AT3G51490,,AT4G14060
,,AT1G49010,AT3G51740,,AT4G14630
,,AT1G49100,AT3G53540,,AT4G15360
,,AT1G49130,AT3G53980,,AT4G15550
,,AT1G49240,AT3G54260,,AT4G15680
,,AT1G49310,AT3G54780,,AT4G15700
,,AT1G49430,AT3G54820,,AT4G15760
,,AT1G49500,AT3G56240,,AT4G16260
,,AT1G49750,AT3G56250,,AT4G17030
,,AT1G49860,AT3G56810,,AT4G17718
,,AT1G49975,AT3G57030,,AT4G18170
,,AT1G50250,AT3G57670,,AT4G19810
,,AT1G50290,AT3G58270,,AT4G19840
,,AT1G50320,AT3G59140,,AT4G20240
,,AT1G50560,AT3G59480,,AT4G20930
,,AT1G50732,AT3G59765,,AT4G21380
,,AT1G50900,AT3G59900,,AT4G21580
,,AT1G51080,AT3G60140,,AT4G21990
,,AT1G51100,AT3G60490,,AT4G22070
,,AT1G51110,AT3G60900,,AT4G22517
,,AT1G51260,AT3G60930,,AT4G22530
,,AT1G51270,AT3G61210,,AT4G23240
,,AT1G51340,AT3G61820,,AT4G23250
,,AT1G51400,AT3G61880,,AT4G23550
,,AT1G51402,AT3G62090,,AT4G23680
,,AT1G51500,AT3G62455,,AT4G23700
,,AT1G51640,AT3G62690,,AT4G24040
,,AT1G51790,AT3G62740,,AT4G24860
,,AT1G51805,AT3G62810,,AT4G25100
,,AT1G51820,AT3G62930,,AT4G25434
,,AT1G51830,AT3G62960,,AT4G25760
,,AT1G51840,AT3G63280,,AT4G25850
,,AT1G51850,AT4G00340,,AT4G25960
,,AT1G51860,AT4G00390,,AT4G28420
,,AT1G51870,AT4G00670,,AT4G29140
,,AT1G51880,AT4G00880,,AT4G31330
,,AT1G51940,AT4G01060,,AT4G31520
,,AT1G51950,AT4G01380,,AT4G31970
,,AT1G52000,AT4G01390,,AT4G32950
,,AT1G52030,AT4G01430,,AT4G33220
,,AT1G52040,AT4G01440,,AT4G33420
,,AT1G52050,AT4G01600,,AT4G33560
,,AT1G52060,AT4G01630,,AT4G34131
,,AT1G52070,AT4G01870,,AT4G34135
,,AT1G52100,AT4G02280,,AT4G34250
,,AT1G52190,AT4G02330,,AT4G34530
,,AT1G52200,AT4G02850,,AT4G34770
,,AT1G52220,AT4G03100,,AT4G35180
,,AT1G52230,AT4G03960,,AT4G35190
,,AT1G52240,AT4G04610,,AT4G35640
,,AT1G52510,AT4G04810,,AT4G36570
,,AT1G52770,AT4G05410,,AT4G37180
,,AT1G52790,AT4G08150,,AT4G37430
,,AT1G52827,AT4G08570,,AT4G39955
,,AT1G52870,AT4G10310,,AT5G01210
,,AT1G52880,AT4G10500,,AT5G01215
,,AT1G52890,AT4G11480,,AT5G01790
,,AT1G53230,AT4G13235,,AT5G01870
,,AT1G53233,AT4G13280,,AT5G01900
,,AT1G53670,AT4G13290,,AT5G02020
,,AT1G53920,AT4G13345,,AT5G02370
,,AT1G53940,AT4G13820,,AT5G02380
,,AT1G53990,AT4G13990,,AT5G02600
,,AT1G54040,AT4G14020,,AT5G02780
,,AT1G54500,AT4G14060,,AT5G03495
,,AT1G54730,AT4G16700,,AT5G03545
,,AT1G54740,AT4G17030,,AT5G04530
,,AT1G54780,AT4G17660,,AT5G06510
,,AT1G54790,AT4G17760,,AT5G07010
,,AT1G54820,AT4G17905,,AT5G07860
,,AT1G54950,AT4G18020,,AT5G08790
,,AT1G55000,AT4G18050,,AT5G09730
,,AT1G55260,AT4G19050,,AT5G10180
,,AT1G55370,AT4G19230,,AT5G10625
,,AT1G55390,AT4G19840,,AT5G12330
,,AT1G55450,AT4G20240,,AT5G13320
,,AT1G55480,AT4G20270,,AT5G13330
,,AT1G55550,AT4G20440,,AT5G13370
,,AT1G55670,AT4G21326,,AT5G13750
,,AT1G56010,AT4G21990,,AT5G13790
,,AT1G56150,AT4G22160,,AT5G14200
,,AT1G56280,AT4G22530,,AT5G14400
,,AT1G56500,AT4G22730,,AT5G14545
,,AT1G56510,AT4G23670,,AT5G14565
,,AT1G56520,AT4G23680,,AT5G14570
,,AT1G56540,AT4G24250,,AT5G14650
,,AT1G56720,AT4G24260,,AT5G14940
,,AT1G57560,AT4G24265,,AT5G16530
,,AT1G57770,AT4G24780,,AT5G16970
,,AT1G57790,AT4G24860,,AT5G17760
,,AT1G58190,AT4G24960,,AT5G18970
,,AT1G58235,AT4G25010,,AT5G19440
,,AT1G58290,AT4G25100,,AT5G19880
,,AT1G58370,AT4G25434,,AT5G19890
,,AT1G58561,AT4G25630,,AT5G20150
,,AT1G58602,AT4G25760,,AT5G20400
,,AT1G58848,AT4G26488,,AT5G20830
,,AT1G59580,AT4G27190,,AT5G22090
,,AT1G59590,AT4G27210,,AT5G22300
,,AT1G59700,AT4G27560,,AT5G23050
,,AT1G59840,AT4G28180,,AT5G23990
,,AT1G59870,AT4G28250,,AT5G24090
,,AT1G60000,AT4G28430,,AT5G24110
,,AT1G60010,AT4G28490,,AT5G24160
,,AT1G60060,AT4G28950,,AT5G24380
,,AT1G60110,AT4G29080,,AT5G24660
,,AT1G60140,AT4G29140,,AT5G25250
,,AT1G60550,AT4G29730,,AT5G25610
,,AT1G60600,AT4G29830,,AT5G25620
,,AT1G60610,AT4G29920,,AT5G26220
,,AT1G60950,AT4G29930,,AT5G26920
,,AT1G60960,AT4G30020,,AT5G27600
,,AT1G61100,AT4G31330,,AT5G27895
,,AT1G61190,AT4G31840,,AT5G28510
,,AT1G61270,AT4G32880,,AT5G35777
,,AT1G61300,AT4G32950,,AT5G36130
,,AT1G61360,AT4G33420,,AT5G36790
,,AT1G61480,AT4G33560,,AT5G37970
,,AT1G61520,AT4G34135,,AT5G38420
,,AT1G61560,AT4G34160,,AT5G38910
,,AT1G61590,AT4G34560,,AT5G39030
,,AT1G61740,AT4G35010,,AT5G39050
,,AT1G61750,AT4G35640,,AT5G39610
,,AT1G61795,AT4G35720,,AT5G39760
,,AT1G62030,AT4G35730,,AT5G39785
,,AT1G62262,AT4G36240,,AT5G40370
,,AT1G62290,AT4G36270,,AT5G40590
,,AT1G62360,AT4G36410,,AT5G40990
,,AT1G62370,AT4G36430,,AT5G41280
,,AT1G62422,AT4G36570,,AT5G42530
,,AT1G62510,AT4G36710,,AT5G42610
,,AT1G62630,AT4G37420,,AT5G42720
,,AT1G62660,AT4G37430,,AT5G43180
,,AT1G62750,AT4G37432,,AT5G43450
,,AT1G62760,AT4G37730,,AT5G44005
,,AT1G62780,AT4G37750,,AT5G44570
,,AT1G63180,AT4G37890,,AT5G44578
,,AT1G63350,AT4G37970,,AT5G44580
,,AT1G63360,AT4G38580,,AT5G47380
,,AT1G63710,AT4G38660,,AT5G48070
,,AT1G63750,AT4G38740,,AT5G48175
,,AT1G63800,AT4G39190,,AT5G48180
,,AT1G63880,AT4G39230,,AT5G48430
,,AT1G64060,AT4G39320,,AT5G48540
,,AT1G64150,AT4G39510,,AT5G48850
,,AT1G64200,AT4G39950,,AT5G49630
,,AT1G64210,AT4G39955,,AT5G49660
,,AT1G64300,AT5G01170,,AT5G50160
,,AT1G64355,AT5G01210,,AT5G50200
,,AT1G64400,AT5G01215,,AT5G50800
,,AT1G64510,AT5G01370,,AT5G51440
,,AT1G64680,AT5G01790,,AT5G51500
,,AT1G64710,AT5G01900,,AT5G52300
,,AT1G64720,AT5G02370,,AT5G52310
,,AT1G64770,AT5G02380,,AT5G52570
,,AT1G64860,AT5G02460,,AT5G52640
,,AT1G64900,AT5G02490,,AT5G54390
,,AT1G65190,AT5G02600,,AT5G57123
,,AT1G65230,AT5G03495,,AT5G57220
,,AT1G65260,AT5G03545,,AT5G57350
,,AT1G65310,AT5G03680,,AT5G58670
,,AT1G65390,AT5G04080,,AT5G59320
,,AT1G65450,AT5G05070,,AT5G59990
,,AT1G65486,AT5G05160,,AT5G60250
,,AT1G65490,AT5G05940,,AT5G61730
,,AT1G65790,AT5G05960,,AT5G61890
,,AT1G65800,AT5G06510,,AT5G62630
,,AT1G65845,AT5G06720,,AT5G62940
,,AT1G65850,AT5G06730,,AT5G63700
,,AT1G65860,AT5G07010,,AT5G63710
,,AT1G65970,AT5G07030,,AT5G63790
,,AT1G65985,AT5G07330,,AT5G63850
,,AT1G66130,AT5G08380,,AT5G63990
,,AT1G66150,AT5G09210,,AT5G64060
,,AT1G66200,AT5G09220,,AT5G64110
,,AT1G66725,AT5G09760,,AT5G64240
,,AT1G66840,AT5G09976,,AT5G64810
,,AT1G66910,AT5G10180,,AT5G65140
,,AT1G66920,AT5G10340,,AT5G65870
,,AT1G66930,AT5G10625,,AT5G66780
,,AT1G66940,AT5G11510,,AT1G16910
,,AT1G66970,AT5G11590,,AT1G19390
,,AT1G66980,AT5G12110,,AT1G20657
,,AT1G67050,AT5G12140,,AT1G29450
,,AT1G67090,AT5G12330,,AT3G29078
,,AT1G67195,AT5G13320,,AT5G50790
,,AT1G67265,AT5G13330,,
,,AT1G67280,AT5G13700,,
,,AT1G67520,AT5G13750,,
,,AT1G67700,AT5G13790,,
,,AT1G67740,AT5G14450,,
,,AT1G67865,AT5G14580,,
,,AT1G67940,AT5G14940,,
,,AT1G68010,AT5G15960,,
,,AT1G68040,AT5G15970,,
,,AT1G68110,AT5G16530,,
,,AT1G68190,AT5G17450,,
,,AT1G68320,AT5G17650,,
,,AT1G68440,AT5G17700,,
,,AT1G68510,AT5G17760,,
,,AT1G68520,AT5G17980,,
,,AT1G68530,AT5G18690,,
,,AT1G68590,AT5G18970,,
,,AT1G68600,AT5G19090,,
,,AT1G68700,AT5G19440,,
,,AT1G68710,AT5G19600,,
,,AT1G68780,AT5G19730,,
,,AT1G68830,AT5G19875,,
,,AT1G68910,AT5G20150,,
,,AT1G68935,AT5G20830,,
,,AT1G68940,AT5G22090,,
,,AT1G69252,AT5G22520,,
,,AT1G69450,AT5G22630,,
,,AT1G69523,AT5G22740,,
,,AT1G69550,AT5G22870,,
,,AT1G69570,AT5G22930,,
,,AT1G69572,AT5G23050,,
,,AT1G69720,AT5G23370,,
,,AT1G69730,AT5G24110,,
,,AT1G69900,AT5G24380,,
,,AT1G70000,AT5G24600,,
,,AT1G70080,AT5G24660,,
,,AT1G70100,AT5G25620,,
,,AT1G70230,AT5G26220,,
,,AT1G70250,AT5G26920,,
,,AT1G70260,AT5G27600,,
,,AT1G70290,AT5G27690,,
,,AT1G70300,AT5G28490,,
,,AT1G70330,AT5G37970,,
,,AT1G70410,AT5G37980,,
,,AT1G70520,AT5G37990,,
,,AT1G70690,AT5G38000,,
,,AT1G70700,AT5G38910,,
,,AT1G70760,AT5G39785,,
,,AT1G70820,AT5G40150,,
,,AT1G70830,AT5G40960,,
,,AT1G70860,AT5G41460,,
,,AT1G70890,AT5G41620,,
,,AT1G71030,AT5G42146,,
,,AT1G71050,AT5G42720,,
,,AT1G71090,AT5G42980,,
,,AT1G71500,AT5G43150,,
,,AT1G71710,AT5G43380,,
,,AT1G71890,AT5G44400,,
,,AT1G72030,AT5G44578,,
,,AT1G72130,AT5G45350,,
,,AT1G72160,AT5G45530,,
,,AT1G72220,AT5G45540,,
,,AT1G72416,AT5G45990,,
,,AT1G72430,AT5G46530,,
,,AT1G72450,AT5G48060,,
,,AT1G72510,AT5G48070,,
,,AT1G72600,AT5G48175,,
,,AT1G72610,AT5G48180,,
,,AT1G72640,AT5G48480,,
,,AT1G72645,AT5G48500,,
,,AT1G72860,AT5G48570,,
,,AT1G72870,AT5G48800,,
,,AT1G72900,AT5G48850,,
,,AT1G72910,AT5G49150,,
,,AT1G72930,AT5G49152,,
,,AT1G73060,AT5G49280,,
,,AT1G73110,AT5G49630,,
,,AT1G73270,AT5G49660,,
,,AT1G73280,AT5G50800,,
,,AT1G73300,AT5G51350,,
,,AT1G73310,AT5G51440,,
,,AT1G73340,AT5G51500,,
,,AT1G73600,AT5G51920,,
,,AT1G73602,AT5G52540,,
,,AT1G73650,AT5G52640,,
,,AT1G73655,AT5G53820,,
,,AT1G73660,AT5G53830,,
,,AT1G73680,AT5G53890,,
,,AT1G73750,AT5G54660,,
,,AT1G73810,AT5G56050,,
,,AT1G73830,AT5G57100,,
,,AT1G73885,AT5G57130,,
,,AT1G74070,AT5G57190,,
,,AT1G74290,AT5G57290,,
,,AT1G74430,AT5G58150,,
,,AT1G74470,AT5G58500,,
,,AT1G74670,AT5G58610,,
,,AT1G74680,AT5G58670,,
,,AT1G74730,AT5G58980,,
,,AT1G74880,AT5G59320,,
,,AT1G74970,AT5G59370,,
,,AT1G75040,AT5G60250,,
,,AT1G75100,AT5G61480,,
,,AT1G75180,AT5G62630,,
,,AT1G75220,AT5G62820,,
,,AT1G75240,AT5G62940,,
,,AT1G75350,AT5G62960,,
,,AT1G75380,AT5G62970,,
,,AT1G75410,AT5G63710,,
,,AT1G75440,AT5G63790,,
,,AT1G75460,AT5G63850,,
,,AT1G75690,AT5G64060,,
,,AT1G75770,AT5G64080,,
,,AT1G75960,AT5G64240,,
,,AT1G76080,AT5G64550,,
,,AT1G76100,AT5G64552,,
,,AT1G76110,AT5G64810,,
,,AT1G76360,AT5G65280,,
,,AT1G76450,AT5G65590,,
,,AT1G76620,AT5G65970,,
,,AT1G76730,AT5G66010,,
,,AT1G76890,AT5G66320,,
,,AT1G76892,AT5G66440,,
,,AT1G76960,AT5G66455,,
,,AT1G77060,AT5G66460,,
,,AT1G77090,AT5G66780,,
,,AT1G77130,AT5G67460,,
,,AT1G77145,AT5G67470,,
,,AT1G77210,AT5G67600,,
,,AT1G77490,ATMG01330,,
,,AT1G77760,AT1G02065,,
,,AT1G77920,AT1G12855,,
,,AT1G77930,AT1G13470,,
,,AT1G77990,AT1G14880,,
,,AT1G77992,AT1G23130,,
,,AT1G78000,AT1G24145,,
,,AT1G78170,AT1G24147,,
,,AT1G78200,AT1G24540,,
,,AT1G78230,AT1G25430,,
,,AT1G78460,AT1G26600,,
,,AT1G78630,AT1G26780,,
,,AT1G78680,AT1G29110,,
,,AT1G78820,AT1G54040,,
,,AT1G78970,AT1G58460,,
,,AT1G78995,AT1G58643,,
,,AT1G79040,AT1G65450,,
,,AT1G79270,AT1G65480,,
,,AT1G79590,AT1G66100,,
,,AT1G79670,AT1G68170,,
,,AT1G80080,AT1G73870,,
,,AT1G80130,AT1G75470,,
,,AT1G80180,AT1G76955,,
,,AT1G80240,AT2G05060,,
,,AT1G80320,AT2G05914,,
,,AT1G80325,AT2G14580,,
,,AT1G80380,AT2G14610,,
,,AT1G80440,AT2G15060,,
,,AT1G80650,AT2G15070,,
,,AT1G80830,AT2G18010,,
,,AT1G80920,AT2G20875,,
,,AT2G01180,AT2G21220,,
,,AT2G01530,AT2G21730,,
,,AT2G01540,AT2G22810,,
,,AT2G01590,AT2G26010,,
,,AT2G01670,AT2G26020,,
,,AT2G01680,AT2G26580,,
,,AT2G01860,AT2G27420,,
,,AT2G01870,AT2G29160,,
,,AT2G01880,AT2G29165,,
,,AT2G01890,AT2G29280,,
,,AT2G01900,AT2G29290,,
,,AT2G01918,AT2G29300,,
,,AT2G02070,AT2G29370,,
,,AT2G02080,AT2G30424,,
,,AT2G02450,AT2G32880,,
,,AT2G02540,AT2G38995,,
,,AT2G02710,AT2G43520,,
,,AT2G02780,AT2G44570,,
,,AT2G02950,AT2G45190,,
,,AT2G02960,AT2G47880,,
,,AT2G03310,AT3G03840,,
,,AT2G03340,AT3G06120,,
,,AT2G03410,AT3G10000,,
,,AT2G03420,AT3G13540,,
,,AT2G03550,AT3G15310,,
,,AT2G03710,AT3G15359,,
,,AT2G03730,AT3G21030,,
,,AT2G03750,AT3G21950,,
,,AT2G03810,AT3G31980,,
,,AT2G03980,AT3G31990,,
,,AT2G04032,AT3G32990,,
,,AT2G04039,AT3G50570,,
,,AT2G04110,AT3G55110,,
,,AT2G04305,AT3G59250,,
,,AT2G04570,AT4G01490,,
,,AT2G04690,AT4G02670,,
,,AT2G04700,AT4G04293,,
,,AT2G04790,AT4G04545,,
,,AT2G04842,AT4G07850,,
,,AT2G05070,AT4G14723,,
,,AT2G05080,AT4G22513,,
,,AT2G05082,AT4G23200,,
,,AT2G05084,AT4G28780,,
,,AT2G05087,AT4G38820,,
,,AT2G05090,AT4G38825,,
,,AT2G05100,AT5G05050,,
,,AT2G05160,AT5G08070,,
,,AT2G05180,AT5G08150,,
,,AT2G05260,AT5G09970,,
,,AT2G05310,AT5G18010,,
,,AT2G05380,AT5G18020,,
,,AT2G05520,AT5G18430,,
,,AT2G05540,AT5G18600,,
,,AT2G05620,AT5G28030,,
,,AT2G06002,AT5G28230,,
,,AT2G06520,AT5G36910,,
,,AT2G06850,AT5G37300,,
,,AT2G06925,AT5G39860,,
,,AT2G07180,AT5G44430,,
,,AT2G10940,AT5G44620,,
,,AT2G11270,AT5G46871,,
,,AT2G11810,AT5G49330,,
,,AT2G12490,AT5G50790,,
,,AT2G13360,AT5G52770,,
,,AT2G13610,AT5G56490,,
,,AT2G13910,AT5G58390,,
,,AT2G14080,AT5G59330,,
,,AT2G14095,AT5G60970,,
,,AT2G14100,AT5G64770,,
,,AT2G14210,,,
,,AT2G14510,,,
,,AT2G14560,,,
,,AT2G14910,,,
,,AT2G15020,,,
,,AT2G15040,,,
,,AT2G15042,,,
,,AT2G15050,,,
,,AT2G15080,,,
,,AT2G15090,,,
,,AT2G15390,,,
,,AT2G15620,,,
,,AT2G15810,,,
,,AT2G15830,,,
,,AT2G15880,,,
,,AT2G15890,,,
,,AT2G15960,,,
,,AT2G16365,,,
,,AT2G16380,,,
,,AT2G16750,,,
,,AT2G17040,,,
,,AT2G17050,,,
,,AT2G17055,,,
,,AT2G17220,,,
,,AT2G17440,,,
,,AT2G17550,,,
,,AT2G17650,,,
,,AT2G17695,,,
,,AT2G17710,,,
,,AT2G17780,,,
,,AT2G18180,,,
,,AT2G18260,,,
,,AT2G18270,,,
,,AT2G18280,,,
,,AT2G18290,,,
,,AT2G18300,,,
,,AT2G18650,,,
,,AT2G19130,,,
,,AT2G19800,,,
,,AT2G19970,,,
,,AT2G19990,,,
,,AT2G20170,,,
,,AT2G20180,,,
,,AT2G20260,,,
,,AT2G20570,,,
,,AT2G20670,,,
,,AT2G20725,,,
,,AT2G20740,,,
,,AT2G20890,,,
,,AT2G20960,,,
,,AT2G21020,,,
,,AT2G21140,,,
,,AT2G21200,,,
,,AT2G21210,,,
,,AT2G21280,,,
,,AT2G21330,,,
,,AT2G21385,,,
,,AT2G21530,,,
,,AT2G21540,,,
,,AT2G21550,,,
,,AT2G21840,,,
,,AT2G21880,,,
,,AT2G21960,,,
,,AT2G21970,,,
,,AT2G22000,,,
,,AT2G22122,,,
,,AT2G22200,,,
,,AT2G22540,,,
,,AT2G22630,,,
,,AT2G22750,,,
,,AT2G22800,,,
,,AT2G22970,,,
,,AT2G22980,,,
,,AT2G22990,,,
,,AT2G23010,,,
,,AT2G23100,,,
,,AT2G23130,,,
,,AT2G23180,,,
,,AT2G23200,,,
,,AT2G23430,,,
,,AT2G23450,,,
,,AT2G23620,,,
,,AT2G23670,,,
,,AT2G23672,,,
,,AT2G23680,,,
,,AT2G23770,,,
,,AT2G23840,,,
,,AT2G24020,,,
,,AT2G24040,,,
,,AT2G24090,,,
,,AT2G24150,,,
,,AT2G24240,,,
,,AT2G24270,,,
,,AT2G24645,,,
,,AT2G24710,,,
,,AT2G24820,,,
,,AT2G24860,,,
,,AT2G25000,,,
,,AT2G25070,,,
,,AT2G25080,,,
,,AT2G25090,,,
,,AT2G25150,,,
,,AT2G25200,,,
,,AT2G25220,,,
,,AT2G25410,,,
,,AT2G25470,,,
,,AT2G25510,,,
,,AT2G25735,,,
,,AT2G25900,,,
,,AT2G26211,,,
,,AT2G26215,,,
,,AT2G26220,,,
,,AT2G26250,,,
,,AT2G26330,,,
,,AT2G26340,,,
,,AT2G26440,,,
,,AT2G26500,,,
,,AT2G26570,,,
,,AT2G26670,,,
,,AT2G26710,,,
,,AT2G26740,,,
,,AT2G26800,,,
,,AT2G26910,,,
,,AT2G26975,,,
,,AT2G26980,,,
,,AT2G27290,,,
,,AT2G27360,,,
,,AT2G27385,,,
,,AT2G27402,,,
,,AT2G27680,,,
,,AT2G27770,,,
,,AT2G27920,,,
,,AT2G28100,,,
,,AT2G28110,,,
,,AT2G28210,,,
,,AT2G28270,,,
,,AT2G28460,,,
,,AT2G28470,,,
,,AT2G28605,,,
,,AT2G28630,,,
,,AT2G28720,,,
,,AT2G28800,,,
,,AT2G28850,,,
,,AT2G28890,,,
,,AT2G29010,,,
,,AT2G29090,,,
,,AT2G29120,,,
,,AT2G29170,,,
,,AT2G29180,,,
,,AT2G29310,,,
,,AT2G29320,,,
,,AT2G29340,,,
,,AT2G29360,,,
,,AT2G29450,,,
,,AT2G29630,,,
,,AT2G29650,,,
,,AT2G29670,,,
,,AT2G29940,,,
,,AT2G29995,,,
,,AT2G30170,,,
,,AT2G30230,,,
,,AT2G30250,,,
,,AT2G30440,,,
,,AT2G30570,,,
,,AT2G30600,,,
,,AT2G30615,,,
,,AT2G30900,,,
,,AT2G30930,,,
,,AT2G30950,,,
,,AT2G31040,,,
,,AT2G31070,,,
,,AT2G31083,,,
,,AT2G31085,,,
,,AT2G31110,,,
,,AT2G31540,,,
,,AT2G31560,,,
,,AT2G31570,,,
,,AT2G31585,,,
,,AT2G31730,,,
,,AT2G31800,,,
,,AT2G32160,,,
,,AT2G32179,,,
,,AT2G32180,,,
,,AT2G32235,,,
,,AT2G32240,,,
,,AT2G32290,,,
,,AT2G32390,,,
,,AT2G32500,,,
,,AT2G32530,,,
,,AT2G32540,,,
,,AT2G32645,,,
,,AT2G32650,,,
,,AT2G32680,,,
,,AT2G32690,,,
,,AT2G32870,,,
,,AT2G33380,,,
,,AT2G33390,,,
,,AT2G33450,,,
,,AT2G33800,,,
,,AT2G33810,,,
,,AT2G33815,,,
,,AT2G33990,,,
,,AT2G34000,,,
,,AT2G34010,,,
,,AT2G34350,,,
,,AT2G34420,,,
,,AT2G34430,,,
,,AT2G34510,,,
,,AT2G34620,,,
,,AT2G34860,,,
,,AT2G34940,,,
,,AT2G34960,,,
,,AT2G35000,,,
,,AT2G35075,,,
,,AT2G35130,,,
,,AT2G35210,,,
,,AT2G35260,,,
,,AT2G35370,,,
,,AT2G35410,,,
,,AT2G35640,,,
,,AT2G35710,,,
,,AT2G35820,,,
,,AT2G35830,,,
,,AT2G35880,,,
,,AT2G35910,,,
,,AT2G36110,,,
,,AT2G36140,,,
,,AT2G36145,,,
,,AT2G36320,,,
,,AT2G36380,,,
,,AT2G36430,,,
,,AT2G36470,,,
,,AT2G36500,,,
,,AT2G36630,,,
,,AT2G36690,,,
,,AT2G36750,,,
,,AT2G36770,,,
,,AT2G36780,,,
,,AT2G36790,,,
,,AT2G36792,,,
,,AT2G36800,,,
,,AT2G36970,,,
,,AT2G36990,,,
,,AT2G37025,,,
,,AT2G37130,,,
,,AT2G37170,,,
,,AT2G37180,,,
,,AT2G37450,,,
,,AT2G37478,,,
,,AT2G37480,,,
,,AT2G37540,,,
,,AT2G37570,,,
,,AT2G37660,,,
,,AT2G37710,,,
,,AT2G37920,,,
,,AT2G38140,,,
,,AT2G38152,,,
,,AT2G38170,,,
,,AT2G38230,,,
,,AT2G38320,,,
,,AT2G38400,,,
,,AT2G38540,,,
,,AT2G38750,,,
,,AT2G38760,,,
,,AT2G38790,,,
,,AT2G39010,,,
,,AT2G39250,,,
,,AT2G39360,,,
,,AT2G39380,,,
,,AT2G39400,,,
,,AT2G39410,,,
,,AT2G39420,,,
,,AT2G39435,,,
,,AT2G39450,,,
,,AT2G39470,,,
,,AT2G39570,,,
,,AT2G39730,,,
,,AT2G39850,,,
,,AT2G39920,,,
,,AT2G40110,,,
,,AT2G40160,,,
,,AT2G40420,,,
,,AT2G40435,,,
,,AT2G40490,,,
,,AT2G40520,,,
,,AT2G40880,,,
,,AT2G41090,,,
,,AT2G41100,,,
,,AT2G41120,,,
,,AT2G41340,,,
,,AT2G41430,,,
,,AT2G41560,,,
,,AT2G41680,,,
,,AT2G41830,,,
,,AT2G41850,,,
,,AT2G41940,,,
,,AT2G41990,,,
,,AT2G42170,,,
,,AT2G42220,,,
,,AT2G42247,,,
,,AT2G42250,,,
,,AT2G42380,,,
,,AT2G42850,,,
,,AT2G42890,,,
,,AT2G42900,,,
,,AT2G43010,,,
,,AT2G43030,,,
,,AT2G43220,,,
,,AT2G43440,,,
,,AT2G43500,,,
,,AT2G43530,,,
,,AT2G43560,,,
,,AT2G43590,,,
,,AT2G43600,,,
,,AT2G43920,,,
,,AT2G44010,,,
,,AT2G44110,,,
,,AT2G44210,,,
,,AT2G44340,,,
,,AT2G44380,,,
,,AT2G44490,,,
,,AT2G44500,,,
,,AT2G44740,,,
,,AT2G44745,,,
,,AT2G44920,,,
,,AT2G45135,,,
,,AT2G45170,,,
,,AT2G45180,,,
,,AT2G45330,,,
,,AT2G45450,,,
,,AT2G45560,,,
,,AT2G45600,,,
,,AT2G45660,,,
,,AT2G45740,,,
,,AT2G45850,,,
,,AT2G45920,,,
,,AT2G45960,,,
,,AT2G46100,,,
,,AT2G46150,,,
,,AT2G46220,,,
,,AT2G46250,,,
,,AT2G46430,,,
,,AT2G46440,,,
,,AT2G46550,,,
,,AT2G46640,,,
,,AT2G46790,,,
,,AT2G46810,,,
,,AT2G46820,,,
,,AT2G46870,,,
,,AT2G47240,,,
,,AT2G47400,,,
,,AT2G47450,,,
,,AT2G47910,,,
,,AT3G01060,,,
,,AT3G01290,,,
,,AT3G01440,,,
,,AT3G01480,,,
,,AT3G01490,,,
,,AT3G01500,,,
,,AT3G01510,,,
,,AT3G01520,,,
,,AT3G01550,,,
,,AT3G01660,,,
,,AT3G01690,,,
,,AT3G02100,,,
,,AT3G02150,,,
,,AT3G02170,,,
,,AT3G02460,,,
,,AT3G02610,,,
,,AT3G02620,,,
,,AT3G02690,,,
,,AT3G02730,,,
,,AT3G02850,,,
,,AT3G02910,,,
,,AT3G03000,,,
,,AT3G03500,,,
,,AT3G03820,,,
,,AT3G03830,,,
,,AT3G03870,,,
,,AT3G04060,,,
,,AT3G04110,,,
,,AT3G04210,,,
,,AT3G04290,,,
,,AT3G04330,,,
,,AT3G04550,,,
,,AT3G04760,,,
,,AT3G04790,,,
,,AT3G04910,,,
,,AT3G05160,,,
,,AT3G05180,,,
,,AT3G05320,,,
,,AT3G05370,,,
,,AT3G05625,,,
,,AT3G05727,,,
,,AT3G05730,,,
,,AT3G05900,,,
,,AT3G05905,,,
,,AT3G05936,,,
,,AT3G06070,,,
,,AT3G06080,,,
,,AT3G06125,,,
,,AT3G06420,,,
,,AT3G06460,,,
,,AT3G06770,,,
,,AT3G06880,,,
,,AT3G06980,,,
,,AT3G07010,,,
,,AT3G07040,,,
,,AT3G07195,,,
,,AT3G07310,,,
,,AT3G07460,,,
,,AT3G07470,,,
,,AT3G07940,,,
,,AT3G08010,,,
,,AT3G08740,,,
,,AT3G08920,,,
,,AT3G08940,,,
,,AT3G09020,,,
,,AT3G09160,,,
,,AT3G09162,,,
,,AT3G09210,,,
,,AT3G09290,,,
,,AT3G09390,,,
,,AT3G09490,,,
,,AT3G09580,,,
,,AT3G10060,,,
,,AT3G10320,,,
,,AT3G10405,,,
,,AT3G10420,,,
,,AT3G10520,,,
,,AT3G10570,,,
,,AT3G10740,,,
,,AT3G10840,,,
,,AT3G10870,,,
,,AT3G11090,,,
,,AT3G11110,,,
,,AT3G11170,,,
,,AT3G11600,,,
,,AT3G11900,,,
,,AT3G12020,,,
,,AT3G12040,,,
,,AT3G12320,,,
,,AT3G12345,,,
,,AT3G12685,,,
,,AT3G12780,,,
,,AT3G12977,,,
,,AT3G13040,,,
,,AT3G13120,,,
,,AT3G13432,,,
,,AT3G13435,,,
,,AT3G13437,,,
,,AT3G13480,,,
,,AT3G13720,,,
,,AT3G13760,,,
,,AT3G13840,,,
,,AT3G13950,,,
,,AT3G14050,,,
,,AT3G14210,,,
,,AT3G14225,,,
,,AT3G14260,,,
,,AT3G14415,,,
,,AT3G14420,,,
,,AT3G14450,,,
,,AT3G14680,,,
,,AT3G14760,,,
,,AT3G14770,,,
,,AT3G14850,,,
,,AT3G14930,,,
,,AT3G15110,,,
,,AT3G15115,,,
,,AT3G15190,,,
,,AT3G15360,,,
,,AT3G15450,,,
,,AT3G15510,,,
,,AT3G15518,,,
,,AT3G15520,,,
,,AT3G15630,,,
,,AT3G15840,,,
,,AT3G15850,,,
,,AT3G15900,,,
,,AT3G16000,,,
,,AT3G16030,,,
,,AT3G16130,,,
,,AT3G16140,,,
,,AT3G16180,,,
,,AT3G16220,,,
,,AT3G16240,,,
,,AT3G16250,,,
,,AT3G16370,,,
,,AT3G16530,,,
,,AT3G16560,,,
,,AT3G16660,,,
,,AT3G16670,,,
,,AT3G16690,,,
,,AT3G16800,,,
,,AT3G16850,,,
,,AT3G17040,,,
,,AT3G17070,,,
,,AT3G17210,,,
,,AT3G17470,,,
,,AT3G17510,,,
,,AT3G17650,,,
,,AT3G17760,,,
,,AT3G17930,,,
,,AT3G18010,,,
,,AT3G18050,,,
,,AT3G18170,,,
,,AT3G18500,,,
,,AT3G18680,,,
,,AT3G18773,,,
,,AT3G18780,,,
,,AT3G18890,,,
,,AT3G19010,,,
,,AT3G19030,,,
,,AT3G19270,,,
,,AT3G19320,,,
,,AT3G19430,,,
,,AT3G19480,,,
,,AT3G19553,,,
,,AT3G19660,,,
,,AT3G19800,,,
,,AT3G19810,,,
,,AT3G19850,,,
,,AT3G19900,,,
,,AT3G19930,,,
,,AT3G20080,,,
,,AT3G20083,,,
,,AT3G20090,,,
,,AT3G20250,,,
,,AT3G20300,,,
,,AT3G20365,,,
,,AT3G20380,,,
,,AT3G20395,,,
,,AT3G20410,,,
,,AT3G20820,,,
,,AT3G20960,,,
,,AT3G21010,,,
,,AT3G21020,,,
,,AT3G21055,,,
,,AT3G21070,,,
,,AT3G21260,,,
,,AT3G21530,,,
,,AT3G21620,,,
,,AT3G21630,,,
,,AT3G21670,,,
,,AT3G21755,,,
,,AT3G21760,,,
,,AT3G21790,,,
,,AT3G21870,,,
,,AT3G22060,,,
,,AT3G22120,,,
,,AT3G22150,,,
,,AT3G22231,,,
,,AT3G22235,,,
,,AT3G22240,,,
,,AT3G22250,,,
,,AT3G22420,,,
,,AT3G22460,,,
,,AT3G22740,,,
,,AT3G22886,,,
,,AT3G23050,,,
,,AT3G23410,,,
,,AT3G23510,,,
,,AT3G23700,,,
,,AT3G23730,,,
,,AT3G23760,,,
,,AT3G23800,,,
,,AT3G23870,,,
,,AT3G23880,,,
,,AT3G24030,,,
,,AT3G24140,,,
,,AT3G24430,,,
,,AT3G24503,,,
,,AT3G24630,,,
,,AT3G25510,,,
,,AT3G25597,,,
,,AT3G25670,,,
,,AT3G25690,,,
,,AT3G25717,,,
,,AT3G25760,,,
,,AT3G25770,,,
,,AT3G25790,,,
,,AT3G25805,,,
,,AT3G25920,,,
,,AT3G26040,,,
,,AT3G26060,,,
,,AT3G26070,,,
,,AT3G26165,,,
,,AT3G26170,,,
,,AT3G26180,,,
,,AT3G26200,,,
,,AT3G26210,,,
,,AT3G26230,,,
,,AT3G26240,,,
,,AT3G26280,,,
,,AT3G26290,,,
,,AT3G26300,,,
,,AT3G26310,,,
,,AT3G26320,,,
,,AT3G26500,,,
,,AT3G26510,,,
,,AT3G26580,,,
,,AT3G26650,,,
,,AT3G26710,,,
,,AT3G26740,,,
,,AT3G26742,,,
,,AT3G26900,,,
,,AT3G26932,,,
,,AT3G27020,,,
,,AT3G27095,,,
,,AT3G27110,,,
,,AT3G27160,,,
,,AT3G27170,,,
,,AT3G27180,,,
,,AT3G27350,,,
,,AT3G27390,,,
,,AT3G27510,,,
,,AT3G27690,,,
,,AT3G27820,,,
,,AT3G27830,,,
,,AT3G27831,,,
,,AT3G27835,,,
,,AT3G27840,,,
,,AT3G27845,,,
,,AT3G27850,,,
,,AT3G27925,,,
,,AT3G27960,,,
,,AT3G28040,,,
,,AT3G28070,,,
,,AT3G28080,,,
,,AT3G28160,,,
,,AT3G28220,,,
,,AT3G28270,,,
,,AT3G28345,,,
,,AT3G28450,,,
,,AT3G29030,,,
,,AT3G29034,,,
,,AT3G29290,,,
,,AT3G29767,,,
,,AT3G29780,,,
,,AT3G30390,,,
,,AT3G30720,,,
,,AT3G32040,,,
,,AT3G32047,,,
,,AT3G43220,,,
,,AT3G43800,,,
,,AT3G43850,,,
,,AT3G43890,,,
,,AT3G44020,,,
,,AT3G44400,,,
,,AT3G44450,,,
,,AT3G44798,,,
,,AT3G44860,,,
,,AT3G44880,,,
,,AT3G44890,,,
,,AT3G44970,,,
,,AT3G45050,,,
,,AT3G45140,,,
,,AT3G45260,,,
,,AT3G45290,,,
,,AT3G45390,,,
,,AT3G45410,,,
,,AT3G45440,,,
,,AT3G45600,,,
,,AT3G45650,,,
,,AT3G45710,,,
,,AT3G45730,,,
,,AT3G45860,,,
,,AT3G46090,,,
,,AT3G46130,,,
,,AT3G46270,,,
,,AT3G46330,,,
,,AT3G46370,,,
,,AT3G46480,,,
,,AT3G46490,,,
,,AT3G46500,,,
,,AT3G46530,,,
,,AT3G46630,,,
,,AT3G46710,,,
,,AT3G46780,,,
,,AT3G46800,,,
,,AT3G46810,,,
,,AT3G46900,,,
,,AT3G47040,,,
,,AT3G47070,,,
,,AT3G47160,,,
,,AT3G47250,,,
,,AT3G47290,,,
,,AT3G47430,,,
,,AT3G47470,,,
,,AT3G47580,,,
,,AT3G47650,,,
,,AT3G47675,,,
,,AT3G47750,,,
,,AT3G48080,,,
,,AT3G48115,,,
,,AT3G48200,,,
,,AT3G48290,,,
,,AT3G48310,,,
,,AT3G48360,,,
,,AT3G48420,,,
,,AT3G48530,,,
,,AT3G48650,,,
,,AT3G48720,,,
,,AT3G48730,,,
,,AT3G48740,,,
,,AT3G48920,,,
,,AT3G49110,,,
,,AT3G49260,,,
,,AT3G49780,,,
,,AT3G49790,,,
,,AT3G49930,,,
,,AT3G50010,,,
,,AT3G50120,,,
,,AT3G50190,,,
,,AT3G50270,,,
,,AT3G50280,,,
,,AT3G50460,,,
,,AT3G50470,,,
,,AT3G50480,,,
,,AT3G50560,,,
,,AT3G50740,,,
,,AT3G50750,,,
,,AT3G50810,,,
,,AT3G50820,,,
,,AT3G50830,,,
,,AT3G51330,,,
,,AT3G51340,,,
,,AT3G51420,,,
,,AT3G51510,,,
,,AT3G51540,,,
,,AT3G51600,,,
,,AT3G51660,,,
,,AT3G51730,,,
,,AT3G51820,,,
,,AT3G51890,,,
,,AT3G51895,,,
,,AT3G51910,,,
,,AT3G51920,,,
,,AT3G51960,,,
,,AT3G52150,,,
,,AT3G52360,,,
,,AT3G52380,,,
,,AT3G52450,,,
,,AT3G52480,,,
,,AT3G52530,,,
,,AT3G52535,,,
,,AT3G52720,,,
,,AT3G52820,,,
,,AT3G53130,,,
,,AT3G53280,,,
,,AT3G53420,,,
,,AT3G53470,,,
,,AT3G53720,,,
,,AT3G53780,,,
,,AT3G53800,,,
,,AT3G53840,,,
,,AT3G54050,,,
,,AT3G54210,,,
,,AT3G54490,,,
,,AT3G54500,,,
,,AT3G54830,,,
,,AT3G54890,,,
,,AT3G55040,,,
,,AT3G55130,,,
,,AT3G55240,,,
,,AT3G55250,,,
,,AT3G55330,,,
,,AT3G55470,,,
,,AT3G55630,,,
,,AT3G55710,,,
,,AT3G55740,,,
,,AT3G55800,,,
,,AT3G55880,,,
,,AT3G56000,,,
,,AT3G56010,,,
,,AT3G56060,,,
,,AT3G56080,,,
,,AT3G56170,,,
,,AT3G56230,,,
,,AT3G56290,,,
,,AT3G56408,,,
,,AT3G56410,,,
,,AT3G56650,,,
,,AT3G56730,,,
,,AT3G56910,,,
,,AT3G56930,,,
,,AT3G56940,,,
,,AT3G57020,,,
,,AT3G57330,,,
,,AT3G57520,,,
,,AT3G57680,,,
,,AT3G58010,,,
,,AT3G58190,,,
,,AT3G59010,,,
,,AT3G59060,,,
,,AT3G59120,,,
,,AT3G59210,,,
,,AT3G59400,,,
,,AT3G59580,,,
,,AT3G59730,,,
,,AT3G59780,,,
,,AT3G59940,,,
,,AT3G60130,,,
,,AT3G60180,,,
,,AT3G60370,,,
,,AT3G60520,,,
,,AT3G61060,,,
,,AT3G61080,,,
,,AT3G61260,,,
,,AT3G61280,,,
,,AT3G61300,,,
,,AT3G61430,,,
,,AT3G61470,,,
,,AT3G61550,,,
,,AT3G61700,,,
,,AT3G61840,,,
,,AT3G61870,,,
,,AT3G61950,,,
,,AT3G61970,,,
,,AT3G62030,,,
,,AT3G62270,,,
,,AT3G62390,,,
,,AT3G62410,,,
,,AT3G62550,,,
,,AT3G62650,,,
,,AT3G62750,,,
,,AT3G63080,,,
,,AT3G63140,,,
,,AT3G63160,,,
,,AT3G63490,,,
,,AT3G63540,,,
,,AT4G00050,,,
,,AT4G00070,,,
,,AT4G00165,,,
,,AT4G00180,,,
,,AT4G00300,,,
,,AT4G00330,,,
,,AT4G00355,,,
,,AT4G00700,,,
,,AT4G00895,,,
,,AT4G00955,,,
,,AT4G00960,,,
,,AT4G00970,,,
,,AT4G01050,,,
,,AT4G01130,,,
,,AT4G01150,,,
,,AT4G01310,,,
,,AT4G01330,,,
,,AT4G01460,,,
,,AT4G01580,,,
,,AT4G01680,,,
,,AT4G01720,,,
,,AT4G01750,,,
,,AT4G01800,,,
,,AT4G01840,,,
,,AT4G01890,,,
,,AT4G01915,,,
,,AT4G01935,,,
,,AT4G01940,,,
,,AT4G02050,,,
,,AT4G02075,,,
,,AT4G02180,,,
,,AT4G02260,,,
,,AT4G02370,,,
,,AT4G02380,,,
,,AT4G02410,,,
,,AT4G02420,,,
,,AT4G02530,,,
,,AT4G02725,,,
,,AT4G02770,,,
,,AT4G02920,,,
,,AT4G03030,,,
,,AT4G03060,,,
,,AT4G03070,,,
,,AT4G03110,,,
,,AT4G03280,,,
,,AT4G03330,,,
,,AT4G03400,,,
,,AT4G03450,,,
,,AT4G03500,,,
,,AT4G03510,,,
,,AT4G03820,,,
,,AT4G04040,,,
,,AT4G04330,,,
,,AT4G04460,,,
,,AT4G04540,,,
,,AT4G04570,,,
,,AT4G04640,,,
,,AT4G04692,,,
,,AT4G04695,,,
,,AT4G04740,,,
,,AT4G04745,,,
,,AT4G04750,,,
,,AT4G04770,,,
,,AT4G04840,,,
,,AT4G04850,,,
,,AT4G04890,,,
,,AT4G04900,,,
,,AT4G04955,,,
,,AT4G04972,,,
,,AT4G05120,,,
,,AT4G05130,,,
,,AT4G05150,,,
,,AT4G05180,,,
,,AT4G05200,,,
,,AT4G05590,,,
,,AT4G05631,,,
,,AT4G06498,,,
,,AT4G06534,,,
,,AT4G06535,,,
,,AT4G06536,,,
,,AT4G08850,,,
,,AT4G08870,,,
,,AT4G08910,,,
,,AT4G08920,,,
,,AT4G08930,,,
,,AT4G09010,,,
,,AT4G09200,,,
,,AT4G09300,,,
,,AT4G09350,,,
,,AT4G09420,,,
,,AT4G09430,,,
,,AT4G09432,,,
,,AT4G09460,,,
,,AT4G09500,,,
,,AT4G09650,,,
,,AT4G09760,,,
,,AT4G09900,,,
,,AT4G10060,,,
,,AT4G10120,,,
,,AT4G10150,,,
,,AT4G10200,,,
,,AT4G10300,,,
,,AT4G10340,,,
,,AT4G10360,,,
,,AT4G10550,,,
,,AT4G10770,,,
,,AT4G11100,,,
,,AT4G11175,,,
,,AT4G11460,,,
,,AT4G11521,,,
,,AT4G11530,,,
,,AT4G11570,,,
,,AT4G11850,,,
,,AT4G11890,,,
,,AT4G11900,,,
,,AT4G12090,,,
,,AT4G12170,,,
,,AT4G12290,,,
,,AT4G12310,,,
,,AT4G12320,,,
,,AT4G12430,,,
,,AT4G12432,,,
,,AT4G12470,,,
,,AT4G12545,,,
,,AT4G12550,,,
,,AT4G12690,,,
,,AT4G12800,,,
,,AT4G12810,,,
,,AT4G12830,,,
,,AT4G12900,,,
,,AT4G12910,,,
,,AT4G12917,,,
,,AT4G12970,,,
,,AT4G13030,,,
,,AT4G13250,,,
,,AT4G13410,,,
,,AT4G13493,,,
,,AT4G13494,,,
,,AT4G13495,,,
,,AT4G13500,,,
,,AT4G13530,,,
,,AT4G13560,,,
,,AT4G13564,,,
,,AT4G13570,,,
,,AT4G13572,,,
,,AT4G13575,,,
,,AT4G13620,,,
,,AT4G13670,,,
,,AT4G13800,,,
,,AT4G13810,,,
,,AT4G13830,,,
,,AT4G13840,,,
,,AT4G13890,,,
,,AT4G13900,,,
,,AT4G14070,,,
,,AT4G14400,,,
,,AT4G14540,,,
,,AT4G14610,,,
,,AT4G14750,,,
,,AT4G14780,,,
,,AT4G15070,,,
,,AT4G15093,,,
,,AT4G15210,,,
,,AT4G15233,,,
,,AT4G15270,,,
,,AT4G15330,,,
,,AT4G15380,,,
,,AT4G15390,,,
,,AT4G15393,,,
,,AT4G15400,,,
,,AT4G15440,,,
,,AT4G15510,,,
,,AT4G15530,,,
,,AT4G15545,,,
,,AT4G15620,,,
,,AT4G15740,,,
,,AT4G15920,,,
,,AT4G16110,,,
,,AT4G16190,,,
,,AT4G16350,,,
,,AT4G16400,,,
,,AT4G16410,,,
,,AT4G16447,,,
,,AT4G16520,,,
,,AT4G16620,,,
,,AT4G16860,,,
,,AT4G16870,,,
,,AT4G16880,,,
,,AT4G16890,,,
,,AT4G16920,,,
,,AT4G16950,,,
,,AT4G16980,,,
,,AT4G16990,,,
,,AT4G17080,,,
,,AT4G17090,,,
,,AT4G17170,,,
,,AT4G17245,,,
,,AT4G17340,,,
,,AT4G17470,,,
,,AT4G17560,,,
,,AT4G17600,,,
,,AT4G17680,,,
,,AT4G17740,,,
,,AT4G17810,,,
,,AT4G17860,,,
,,AT4G18010,,,
,,AT4G18195,,,
,,AT4G18197,,,
,,AT4G18205,,,
,,AT4G18210,,,
,,AT4G18220,,,
,,AT4G18250,,,
,,AT4G18290,,,
,,AT4G18480,,,
,,AT4G18550,,,
,,AT4G18720,,,
,,AT4G18740,,,
,,AT4G18810,,,
,,AT4G18970,,,
,,AT4G19100,,,
,,AT4G19160,,,
,,AT4G19170,,,
,,AT4G19380,,,
,,AT4G19420,,,
,,AT4G19430,,,
,,AT4G19520,,,
,,AT4G19530,,,
,,AT4G19700,,,
,,AT4G19820,,,
,,AT4G19860,,,
,,AT4G20110,,,
,,AT4G20160,,,
,,AT4G20260,,,
,,AT4G20360,,,
,,AT4G20780,,,
,,AT4G20820,,,
,,AT4G21210,,,
,,AT4G21215,,,
,,AT4G21230,,,
,,AT4G21250,,,
,,AT4G21280,,,
,,AT4G21390,,,
,,AT4G21400,,,
,,AT4G21410,,,
,,AT4G21445,,,
,,AT4G21650,,,
,,AT4G21750,,,
,,AT4G21870,,,
,,AT4G21903,,,
,,AT4G21980,,,
,,AT4G22200,,,
,,AT4G22485,,,
,,AT4G22490,,,
,,AT4G22505,,,
,,AT4G22510,,,
,,AT4G22517,,,
,,AT4G22520,,,
,,AT4G22690,,,
,,AT4G22753,,,
,,AT4G22780,,,
,,AT4G22890,,,
,,AT4G22920,,,
,,AT4G22990,,,
,,AT4G23010,,,
,,AT4G23070,,,
,,AT4G23130,,,
,,AT4G23140,,,
,,AT4G23170,,,
,,AT4G23180,,,
,,AT4G23210,,,
,,AT4G23220,,,
,,AT4G23240,,,
,,AT4G23250,,,
,,AT4G23260,,,
,,AT4G23270,,,
,,AT4G23271,,,
,,AT4G23280,,,
,,AT4G23290,,,
,,AT4G23300,,,
,,AT4G23390,,,
,,AT4G23400,,,
,,AT4G23570,,,
,,AT4G23600,,,
,,AT4G23730,,,
,,AT4G23870,,,
,,AT4G23880,,,
,,AT4G23890,,,
,,AT4G23990,,,
,,AT4G24090,,,
,,AT4G24120,,,
,,AT4G24510,,,
,,AT4G24540,,,
,,AT4G24660,,,
,,AT4G24770,,,
,,AT4G24930,,,
,,AT4G24972,,,
,,AT4G25050,,,
,,AT4G25080,,,
,,AT4G25090,,,
,,AT4G25170,,,
,,AT4G25260,,,
,,AT4G25300,,,
,,AT4G25350,,,
,,AT4G25560,,,
,,AT4G25620,,,
,,AT4G25650,,,
,,AT4G25750,,,
,,AT4G25830,,,
,,AT4G25930,,,
,,AT4G25940,,,
,,AT4G25960,,,
,,AT4G25990,,,
,,AT4G26060,,,
,,AT4G26140,,,
,,AT4G26150,,,
,,AT4G26260,,,
,,AT4G26290,,,
,,AT4G26470,,,
,,AT4G26520,,,
,,AT4G26530,,,
,,AT4G26555,,,
,,AT4G26560,,,
,,AT4G26690,,,
,,AT4G26700,,,
,,AT4G27290,,,
,,AT4G27300,,,
,,AT4G27310,,,
,,AT4G27390,,,
,,AT4G27440,,,
,,AT4G27600,,,
,,AT4G27700,,,
,,AT4G27710,,,
,,AT4G27740,,,
,,AT4G27745,,,
,,AT4G27800,,,
,,AT4G27820,,,
,,AT4G28025,,,
,,AT4G28030,,,
,,AT4G28080,,,
,,AT4G28085,,,
,,AT4G28260,,,
,,AT4G28270,,,
,,AT4G28410,,,
,,AT4G28530,,,
,,AT4G28620,,,
,,AT4G28660,,,
,,AT4G28680,,,
,,AT4G28740,,,
,,AT4G28750,,,
,,AT4G28850,,,
,,AT4G28880,,,
,,AT4G28890,,,
,,AT4G28900,,,
,,AT4G29030,,,
,,AT4G29050,,,
,,AT4G29060,,,
,,AT4G29220,,,
,,AT4G29905,,,
,,AT4G29950,,,
,,AT4G30060,,,
,,AT4G30080,,,
,,AT4G30120,,,
,,AT4G30140,,,
,,AT4G30190,,,
,,AT4G30250,,,
,,AT4G30270,,,
,,AT4G30560,,,
,,AT4G30640,,,
,,AT4G30670,,,
,,AT4G30690,,,
,,AT4G30950,,,
,,AT4G31530,,,
,,AT4G31650,,,
,,AT4G31850,,,
,,AT4G31870,,,
,,AT4G31875,,,
,,AT4G31877,,,
,,AT4G32060,,,
,,AT4G32150,,,
,,AT4G32260,,,
,,AT4G32340,,,
,,AT4G32440,,,
,,AT4G32480,,,
,,AT4G32590,,,
,,AT4G32650,,,
,,AT4G32940,,,
,,AT4G32980,,,
,,AT4G33000,,,
,,AT4G33010,,,
,,AT4G33050,,,
,,AT4G33110,,,
,,AT4G33120,,,
,,AT4G33150,,,
,,AT4G33220,,,
,,AT4G33310,,,
,,AT4G33470,,,
,,AT4G33565,,,
,,AT4G33740,,,
,,AT4G33810,,,
,,AT4G34060,,,
,,AT4G34090,,,
,,AT4G34190,,,
,,AT4G34220,,,
,,AT4G34250,,,
,,AT4G34320,,,
,,AT4G34350,,,
,,AT4G34580,,,
,,AT4G34620,,,
,,AT4G34730,,,
,,AT4G34790,,,
,,AT4G34830,,,
,,AT4G34920,,,
,,AT4G34930,,,
,,AT4G34950,,,
,,AT4G35030,,,
,,AT4G35040,,,
,,AT4G35060,,,
,,AT4G35110,,,
,,AT4G35250,,,
,,AT4G35380,,,
,,AT4G35600,,,
,,AT4G35810,,,
,,AT4G36220,,,
,,AT4G36250,,,
,,AT4G36380,,,
,,AT4G36500,,,
,,AT4G36540,,,
,,AT4G36640,,,
,,AT4G36670,,,
,,AT4G36860,,,
,,AT4G36870,,,
,,AT4G37010,,,
,,AT4G37030,,,
,,AT4G37160,,,
,,AT4G37235,,,
,,AT4G37310,,,
,,AT4G37320,,,
,,AT4G37330,,,
,,AT4G37340,,,
,,AT4G37390,,,
,,AT4G37530,,,
,,AT4G37925,,,
,,AT4G37930,,,
,,AT4G37950,,,
,,AT4G37980,,,
,,AT4G38160,,,
,,AT4G38390,,,
,,AT4G38470,,,
,,AT4G38540,,,
,,AT4G38550,,,
,,AT4G38552,,,
,,AT4G38690,,,
,,AT4G38770,,,
,,AT4G38830,,,
,,AT4G38840,,,
,,AT4G38850,,,
,,AT4G38860,,,
,,AT4G38870,,,
,,AT4G38950,,,
,,AT4G38970,,,
,,AT4G39270,,,
,,AT4G39480,,,
,,AT4G39640,,,
,,AT4G39675,,,
,,AT4G39710,,,
,,AT4G39780,,,
,,AT4G39890,,,
,,AT4G39970,,,
,,AT4G40060,,,
,,AT4G40065,,,
,,AT4G40070,,,
,,AT4G40080,,,
,,AT4G40085,,,
,,AT5G01220,,,
,,AT5G01250,,,
,,AT5G01320,,,
,,AT5G01520,,,
,,AT5G01530,,,
,,AT5G01610,,,
,,AT5G02090,,,
,,AT5G02120,,,
,,AT5G02160,,,
,,AT5G02180,,,
,,AT5G02230,,,
,,AT5G02390,,,
,,AT5G02400,,,
,,AT5G02710,,,
,,AT5G02720,,,
,,AT5G02760,,,
,,AT5G02810,,,
,,AT5G02840,,,
,,AT5G02890,,,
,,AT5G02940,,,
,,AT5G03120,,,
,,AT5G03240,,,
,,AT5G03330,,,
,,AT5G03380,,,
,,AT5G03570,,,
,,AT5G03640,,,
,,AT5G03940,,,
,,AT5G04020,,,
,,AT5G04040,,,
,,AT5G04140,,,
,,AT5G04190,,,
,,AT5G04200,,,
,,AT5G04220,,,
,,AT5G04230,,,
,,AT5G04360,,,
,,AT5G04490,,,
,,AT5G04530,,,
,,AT5G04820,,,
,,AT5G04860,,,
,,AT5G04950,,,
,,AT5G05200,,,
,,AT5G05320,,,
,,AT5G05400,,,
,,AT5G05435,,,
,,AT5G05580,,,
,,AT5G05700,,,
,,AT5G05740,,,
,,AT5G06230,,,
,,AT5G06270,,,
,,AT5G06290,,,
,,AT5G06330,,,
,,AT5G06560,,,
,,AT5G06690,,,
,,AT5G06870,,,
,,AT5G06930,,,
,,AT5G06980,,,
,,AT5G07020,,,
,,AT5G07080,,,
,,AT5G07100,,,
,,AT5G07180,,,
,,AT5G07220,,,
,,AT5G07240,,,
,,AT5G07570,,,
,,AT5G07571,,,
,,AT5G07572,,,
,,AT5G07580,,,
,,AT5G07650,,,
,,AT5G07680,,,
,,AT5G07690,,,
,,AT5G07700,,,
,,AT5G07760,,,
,,AT5G07770,,,
,,AT5G07780,,,
,,AT5G07820,,,
,,AT5G08000,,,
,,AT5G08050,,,
,,AT5G08240,,,
,,AT5G08280,,,
,,AT5G08410,,,
,,AT5G08520,,,
,,AT5G08650,,,
,,AT5G08760,,,
,,AT5G09660,,,
,,AT5G09805,,,
,,AT5G09978,,,
,,AT5G10030,,,
,,AT5G10150,,,
,,AT5G10250,,,
,,AT5G10410,,,
,,AT5G10570,,,
,,AT5G10740,,,
,,AT5G11060,,,
,,AT5G11190,,,
,,AT5G11250,,,
,,AT5G11420,,,
,,AT5G11610,,,
,,AT5G11650,,,
,,AT5G11670,,,
,,AT5G12200,,,
,,AT5G13170,,,
,,AT5G13630,,,
,,AT5G13720,,,
,,AT5G13730,,,
,,AT5G14120,,,
,,AT5G14320,,,
,,AT5G14360,,,
,,AT5G14565,,,
,,AT5G14730,,,
,,AT5G14740,,,
,,AT5G14910,,,
,,AT5G14930,,,
,,AT5G14970,,,
,,AT5G15160,,,
,,AT5G15180,,,
,,AT5G15310,,,
,,AT5G15410,,,
,,AT5G15500,,,
,,AT5G15600,,,
,,AT5G15780,,,
,,AT5G15800,,,
,,AT5G16030,,,
,,AT5G16240,,,
,,AT5G16400,,,
,,AT5G16970,,,
,,AT5G17170,,,
,,AT5G17230,,,
,,AT5G17640,,,
,,AT5G17670,,,
,,AT5G17720,,,
,,AT5G17880,,,
,,AT5G18030,,,
,,AT5G18080,,,
,,AT5G18490,,,
,,AT5G18590,,,
,,AT5G18630,,,
,,AT5G18640,,,
,,AT5G18660,,,
,,AT5G18661,,,
,,AT5G18980,,,
,,AT5G19050,,,
,,AT5G19140,,,
,,AT5G19190,,,
,,AT5G19220,,,
,,AT5G19221,,,
,,AT5G19230,,,
,,AT5G19240,,,
,,AT5G19855,,,
,,AT5G19860,,,
,,AT5G19940,,,
,,AT5G19970,,,
,,AT5G20050,,,
,,AT5G20230,,,
,,AT5G20250,,,
,,AT5G20260,,,
,,AT5G20280,,,
,,AT5G20470,,,
,,AT5G20630,,,
,,AT5G20740,,,
,,AT5G20935,,,
,,AT5G21100,,,
,,AT5G21326,,,
,,AT5G21430,,,
,,AT5G21930,,,
,,AT5G22310,,,
,,AT5G22460,,,
,,AT5G22550,,,
,,AT5G22580,,,
,,AT5G22800,,,
,,AT5G22890,,,
,,AT5G22920,,,
,,AT5G23060,,,
,,AT5G23120,,,
,,AT5G23210,,,
,,AT5G23240,,,
,,AT5G23340,,,
,,AT5G23510,,,
,,AT5G23660,,,
,,AT5G23750,,,
,,AT5G23840,,,
,,AT5G23870,,,
,,AT5G23940,,,
,,AT5G23980,,,
,,AT5G24040,,,
,,AT5G24105,,,
,,AT5G24120,,,
,,AT5G24150,,,
,,AT5G24155,,,
,,AT5G24160,,,
,,AT5G24165,,,
,,AT5G24210,,,
,,AT5G24230,,,
,,AT5G24314,,,
,,AT5G24410,,,
,,AT5G24420,,,
,,AT5G24490,,,
,,AT5G24735,,,
,,AT5G24870,,,
,,AT5G24890,,,
,,AT5G25040,,,
,,AT5G25045,,,
,,AT5G25120,,,
,,AT5G25130,,,
,,AT5G25140,,,
,,AT5G25265,,,
,,AT5G25280,,,
,,AT5G25451,,,
,,AT5G25460,,,
,,AT5G25470,,,
,,AT5G25610,,,
,,AT5G25840,,,
,,AT5G25980,,,
,,AT5G26000,,,
,,AT5G26010,,,
,,AT5G26200,,,
,,AT5G26270,,,
,,AT5G26280,,,
,,AT5G26660,,,
,,AT5G26720,,,
,,AT5G27100,,,
,,AT5G27200,,,
,,AT5G27290,,,
,,AT5G27300,,,
,,AT5G27350,,,
,,AT5G27360,,,
,,AT5G27840,,,
,,AT5G27890,,,
,,AT5G27895,,,
,,AT5G27920,,,
,,AT5G27930,,,
,,AT5G28010,,,
,,AT5G28020,,,
,,AT5G28145,,,
,,AT5G28300,,,
,,AT5G28500,,,
,,AT5G28770,,,
,,AT5G30510,,,
,,AT5G33290,,,
,,AT5G33370,,,
,,AT5G35170,,,
,,AT5G35370,,,
,,AT5G35480,,,
,,AT5G35490,,,
,,AT5G35495,,,
,,AT5G35630,,,
,,AT5G35777,,,
,,AT5G35790,,,
,,AT5G36120,,,
,,AT5G36170,,,
,,AT5G36220,,,
,,AT5G36790,,,
,,AT5G36870,,,
,,AT5G36940,,,
,,AT5G37260,,,
,,AT5G37360,,,
,,AT5G37450,,,
,,AT5G38096,,,
,,AT5G38100,,,
,,AT5G38230,,,
,,AT5G38240,,,
,,AT5G38340,,,
,,AT5G38410,,,
,,AT5G38420,,,
,,AT5G38430,,,
,,AT5G38510,,,
,,AT5G38520,,,
,,AT5G38660,,,
,,AT5G38780,,,
,,AT5G38850,,,
,,AT5G38930,,,
,,AT5G38980,,,
,,AT5G38990,,,
,,AT5G39000,,,
,,AT5G39020,,,
,,AT5G39030,,,
,,AT5G39080,,,
,,AT5G39210,,,
,,AT5G39220,,,
,,AT5G39530,,,
,,AT5G39535,,,
,,AT5G39590,,,
,,AT5G39760,,,
,,AT5G40060,,,
,,AT5G40170,,,
,,AT5G40240,,,
,,AT5G40330,,,
,,AT5G40380,,,
,,AT5G40450,,,
,,AT5G40470,,,
,,AT5G40500,,,
,,AT5G40890,,,
,,AT5G40950,,,
,,AT5G41050,,,
,,AT5G41410,,,
,,AT5G41730,,,
,,AT5G41740,,,
,,AT5G41761,,,
,,AT5G41810,,,
,,AT5G42010,,,
,,AT5G42070,,,
,,AT5G42210,,,
,,AT5G42250,,,
,,AT5G42270,,,
,,AT5G42460,,,
,,AT5G42530,,,
,,AT5G42600,,,
,,AT5G42840,,,
,,AT5G42900,,,
,,AT5G43440,,,
,,AT5G43450,,,
,,AT5G43470,,,
,,AT5G43730,,,
,,AT5G43740,,,
,,AT5G43750,,,
,,AT5G43770,,,
,,AT5G44020,,,
,,AT5G44130,,,
,,AT5G44190,,,
,,AT5G44260,,,
,,AT5G44290,,,
,,AT5G44420,,,
,,AT5G44568,,,
,,AT5G44574,,,
,,AT5G44580,,,
,,AT5G44582,,,
,,AT5G44650,,,
,,AT5G44680,,,
,,AT5G44870,,,
,,AT5G44910,,,
,,AT5G45080,,,
,,AT5G45120,,,
,,AT5G45220,,,
,,AT5G45240,,,
,,AT5G45250,,,
,,AT5G45475,,,
,,AT5G45480,,,
,,AT5G45490,,,
,,AT5G45500,,,
,,AT5G45650,,,
,,AT5G45680,,,
,,AT5G45800,,,
,,AT5G45820,,,
,,AT5G45830,,,
,,AT5G45840,,,
,,AT5G45850,,,
,,AT5G45930,,,
,,AT5G45950,,,
,,AT5G46090,,,
,,AT5G46105,,,
,,AT5G46110,,,
,,AT5G46220,,,
,,AT5G46240,,,
,,AT5G46260,,,
,,AT5G46270,,,
,,AT5G46330,,,
,,AT5G46370,,,
,,AT5G46390,,,
,,AT5G46450,,,
,,AT5G46490,,,
,,AT5G46500,,,
,,AT5G46580,,,
,,AT5G46690,,,
,,AT5G46870,,,
,,AT5G46880,,,
,,AT5G47000,,,
,,AT5G47110,,,
,,AT5G47130,,,
,,AT5G47190,,,
,,AT5G47330,,,
,,AT5G47380,,,
,,AT5G47450,,,
,,AT5G47550,,,
,,AT5G47560,,,
,,AT5G47610,,,
,,AT5G47900,,,
,,AT5G47950,,,
,,AT5G48220,,,
,,AT5G48290,,,
,,AT5G48320,,,
,,AT5G48412,,,
,,AT5G48490,,,
,,AT5G48657,,,
,,AT5G48780,,,
,,AT5G48790,,,
,,AT5G49015,,,
,,AT5G49290,,,
,,AT5G49360,,,
,,AT5G49448,,,
,,AT5G49450,,,
,,AT5G49710,,,
,,AT5G49730,,,
,,AT5G49740,,,
,,AT5G49760,,,
,,AT5G49770,,,
,,AT5G49890,,,
,,AT5G49900,,,
,,AT5G50160,,,
,,AT5G50335,,,
,,AT5G50450,,,
,,AT5G50760,,,
,,AT5G50915,,,
,,AT5G50920,,,
,,AT5G50950,,,
,,AT5G51010,,,
,,AT5G51110,,,
,,AT5G51160,,,
,,AT5G51545,,,
,,AT5G51720,,,
,,AT5G51870,,,
,,AT5G52060,,,
,,AT5G52070,,,
,,AT5G52100,,,
,,AT5G52190,,,
,,AT5G52250,,,
,,AT5G52260,,,
,,AT5G52320,,,
,,AT5G52440,,,
,,AT5G52710,,,
,,AT5G52780,,,
,,AT5G52790,,,
,,AT5G52860,,,
,,AT5G52900,,,
,,AT5G52930,,,
,,AT5G52970,,,
,,AT5G53110,,,
,,AT5G53190,,,
,,AT5G53210,,,
,,AT5G53490,,,
,,AT5G53500,,,
,,AT5G53870,,,
,,AT5G54140,,,
,,AT5G54250,,,
,,AT5G54270,,,
,,AT5G54600,,,
,,AT5G54610,,,
,,AT5G54630,,,
,,AT5G54710,,,
,,AT5G54720,,,
,,AT5G54770,,,
,,AT5G54780,,,
,,AT5G55050,,,
,,AT5G55170,,,
,,AT5G55220,,,
,,AT5G55450,,,
,,AT5G55570,,,
,,AT5G55620,,,
,,AT5G55720,,,
,,AT5G55740,,,
,,AT5G55930,,,
,,AT5G56100,,,
,,AT5G56230,,,
,,AT5G56260,,,
,,AT5G56340,,,
,,AT5G56544,,,
,,AT5G56550,,,
,,AT5G56795,,,
,,AT5G56810,,,
,,AT5G56850,,,
,,AT5G56860,,,
,,AT5G56870,,,
,,AT5G56980,,,
,,AT5G57030,,,
,,AT5G57040,,,
,,AT5G57180,,,
,,AT5G57345,,,
,,AT5G57550,,,
,,AT5G57655,,,
,,AT5G57660,,,
,,AT5G57710,,,
,,AT5G57780,,,
,,AT5G57785,,,
,,AT5G57800,,,
,,AT5G57930,,,
,,AT5G58140,,,
,,AT5G58250,,,
,,AT5G58260,,,
,,AT5G58330,,,
,,AT5G58350,,,
,,AT5G58800,,,
,,AT5G58940,,,
,,AT5G59030,,,
,,AT5G59130,,,
,,AT5G59150,,,
,,AT5G59250,,,
,,AT5G59260,,,
,,AT5G59520,,,
,,AT5G59680,,,
,,AT5G59750,,,
,,AT5G59920,,,
,,AT5G60060,,,
,,AT5G60260,,,
,,AT5G60270,,,
,,AT5G60600,,,
,,AT5G60660,,,
,,AT5G60910,,,
,,AT5G61120,,,
,,AT5G61250,,,
,,AT5G61260,,,
,,AT5G61270,,,
,,AT5G61350,,,
,,AT5G61410,,,
,,AT5G61430,,,
,,AT5G61440,,,
,,AT5G61520,,,
,,AT5G61560,,,
,,AT5G61590,,,
,,AT5G61610,,,
,,AT5G62100,,,
,,AT5G62130,,,
,,AT5G62140,,,
,,AT5G62165,,,
,,AT5G62230,,,
,,AT5G62360,,,
,,AT5G62420,,,
,,AT5G62430,,,
,,AT5G62470,,,
,,AT5G62720,,,
,,AT5G63030,,,
,,AT5G63160,,,
,,AT5G63180,,,
,,AT5G63410,,,
,,AT5G63800,,,
,,AT5G64040,,,
,,AT5G64170,,,
,,AT5G64260,,,
,,AT5G64380,,,
,,AT5G64490,,,
,,AT5G64620,,,
,,AT5G64840,,,
,,AT5G64880,,,
,,AT5G65030,,,
,,AT5G65110,,,
,,AT5G65207,,,
,,AT5G65220,,,
,,AT5G65320,,,
,,AT5G65410,,,
,,AT5G65480,,,
,,AT5G65610,,,
,,AT5G65730,,,
,,AT5G65800,,,
,,AT5G65925,,,
,,AT5G65980,,,
,,AT5G66052,,,
,,AT5G66053,,,
,,AT5G66190,,,
,,AT5G66250,,,
,,AT5G66480,,,
,,AT5G66490,,,
,,AT5G66520,,,
,,AT5G66570,,,
,,AT5G66790,,,
,,AT5G66900,,,
,,AT5G67030,,,
,,AT5G67140,,,
,,AT5G67370,,,
,,AT5G67385,,,
,,AT5G67390,,,
,,ATCG00020,,,
,,ATCG00030,,,
,,ATCG00040,,,
,,ATCG00070,,,
,,ATCG00080,,,
,,ATCG00090,,,
,,ATCG00100,,,
,,ATCG00110,,,
,,ATCG00120,,,
,,ATCG00130,,,
,,ATCG00140,,,
,,ATCG00150,,,
,,ATCG00210,,,
,,ATCG00220,,,
,,ATCG00270,,,
,,ATCG00280,,,
,,ATCG00290,,,
,,ATCG00300,,,
,,ATCG00330,,,
,,ATCG00340,,,
,,ATCG00350,,,
,,ATCG00380,,,
,,ATCG00390,,,
,,ATCG00400,,,
,,ATCG00410,,,
,,ATCG00420,,,
,,ATCG00430,,,
,,ATCG00440,,,
,,ATCG00450,,,
,,ATCG00470,,,
,,ATCG00480,,,
,,ATCG00490,,,
,,ATCG00500,,,
,,ATCG00510,,,
,,ATCG00520,,,
,,ATCG00530,,,
,,ATCG00540,,,
,,ATCG00550,,,
,,ATCG00560,,,
,,ATCG00570,,,
,,ATCG00580,,,
,,ATCG00590,,,
,,ATCG00600,,,
,,ATCG00610,,,
,,ATCG00620,,,
,,ATCG00630,,,
,,ATCG00640,,,
,,ATCG00680,,,
,,ATCG00690,,,
,,ATCG00700,,,
,,ATCG00710,,,
,,ATCG00720,,,
,,ATCG00730,,,
,,ATCG00780,,,
,,ATCG00790,,,
,,ATCG01010,,,
,,ATCG01020,,,
,,ATCG01040,,,
,,ATCG01050,,,
,,ATCG01060,,,
,,ATCG01070,,,
,,ATCG01080,,,
,,ATCG01090,,,
,,ATCG01100,,,
,,ATCG01110,,,
,,ATCG01250,,,
,,,,,